{"pageContext":{"str":[{"node":{"slug":"beh-na-andrluv-chlum-a-zhl-v-pardubicich","title":"Běh na Andrlův chlum a ZHL v Pardubicích","content":"\n<p>V sobotu 5. ledna se na „domácí ústecké půdě“ běžel tradiční závod v běhu do vrchu na Andrlův chlum.&nbsp;Letošního 46. ročníku se zúčastnilo 97 běžců v jedenácti kategoriích. Podmínky tentokrát příliš nepřály, po sněhových přívalech předchozích dnů byla prošlapána úzká cesta a dost to prokluzovalo. A jak si na trati o délce 2,5 km s převýšením 209 metrů vedli zástupci našeho klubu? V kategorii žákyň obsadila první místo&nbsp;<strong>Terka</strong>, mezi juniorkami byla&nbsp;<strong>Lucka</strong>&nbsp;pátá, v hlavní ženské kategorii doběhla na druhém místě&nbsp;<strong>Anežka</strong>&nbsp;a čtvrtá byla&nbsp;<strong>Květa</strong>&nbsp;v kategorii Ženy C. Mezi juniory obsadil sedmé místo&nbsp;<strong>Jonáš</strong>, na stejném místě doběhl i&nbsp;<strong>Kamil</strong>&nbsp;v hlavní mužské kategorii a v kategorii Muži C skončil&nbsp;<strong>Tomáš</strong>&nbsp;čtvrtý. Kompletní výsledková listina je&nbsp;<a href=\"https://www.ustinadorlici.cz/images/2019/46-beh_andrluv_chlum-2019.pdf\">zde</a>. A ještě reportáž včetně několika fotografií na stránkách&nbsp;<a href=\"https://www.ustinadorlici.cz/cs/udalosti/4636-46-rocnik-behu-na-andrluv-chlum?prehled=0\">Města Ústí nad Orlicí</a>.</p>\n\n\n\n<p>O den později, v neděli 6. ledna, se sedmička KUO běžců vydala do Pardubic, kde se konalo 4. kolo Zimní hradubické ligy (ZHL), nazvané Městský delší sprint. Centrem závodu byla tělocvična Gymnázia Dašická, běhalo se v centru města, závodníci probíhali městským parkem, vilovou čtvrtí, vnitrobloky panelových a činžovních domů i sportovními areály. Po sněhu nebylo ani památky, teplota lehce nad nulou, to vše za účasti 250 závodníků. Zastoupení jsme měli v několika kategoriích a vedli jsme si takto. Kategorie D (2,9 km; 15 kontrol) – 2.&nbsp;<strong>Terka</strong>, 31.&nbsp;<strong>Hanka</strong>. Kategorie DE (3,8 km; 20 kontrol) – 7.&nbsp;<strong>Lucka</strong>, 12.&nbsp;<strong>Iva</strong>. Kategorie H (3,1 km; 15 kontrol) – 19.&nbsp;<strong>Radim</strong>. Kategorie HE (4,6 km; 24 kontrol) – 16.&nbsp;<strong>Kamil&nbsp;</strong>a 24.&nbsp;<strong>Tomáš</strong>. Výsledky jsou&nbsp;<a href=\"https://oris.orientacnisporty.cz/Vysledky?id=4886\">zde</a>. A pro zajímavost i náhled tratí kategorie&nbsp;<a href=\"http://lpu.cz/zhl19/ruzne/zhl19_de.pdf\">DE</a>&nbsp;a&nbsp;<a href=\"http://lpu.cz/zhl19/ruzne/zhl19_he.pdf\">HE</a>. A ještě&nbsp;<a href=\"http://lpu.cz/archiv/zhl/zhl19.txt\">průběžné výsledky ZHL</a>&nbsp;po čtyřech kolech.</p>\n","id":"b29b6cd1-22d7-519d-a039-52ef75ecd116"}},{"node":{"slug":"hello-world","title":"Hello world!","content":"\n<p>Welcome to WordPress. This is your first post. Edit or delete it, then start writing!</p>\n","id":"2347739f-f4fa-5d13-8eac-4a0059e4ff82"}},{"node":{"slug":"non-repellat-quasi-est-quia-aut","title":"Non repellat quasi est quia aut","content":"<ul>\n<li>Eligendi</li>\n<li>Ab ut quisquam ad aliquam</li>\n<li>Quas eveniet ut unde</li>\n<li>Illum aliquid aut autem</li>\n<li>Aut molestiae soluta dolores earum</li>\n</ul>\n","id":"cb5c2a95-f21b-5a02-8dd3-25ab7502328b"}},{"node":{"slug":"id-ut-minima-mollitia-voluptatum-eveniet","title":"Id ut minima mollitia voluptatum eveniet","content":"<p>Voluptatem similique quis placeat ducimus cupiditate. <a title=\"Qui consequatur ratione.\" href=\"http://thompson.org/assumenda-illo-quidem-odio-natus-non-accusantium-hic\">magni et</a> quae incidunt velit est. accusantium quia eos optio doloribus Excepturi nihil sint delectus natus ut</p>\n<blockquote><p>Perferendis repellat sed ut voluptatem dolorem <a title=\"Et et aut maiores veniam rerum.\" href=\"http://sporer.com/repellat-amet-aliquid-fugit-veniam-sit-officiis-debitis\"><a title=\"Voluptate libero.\" href=\"https://www.will.com/autem-pariatur-ad-eum-odio\">Dolor</a></a> rerum eaque <a title=\"Sequi ullam rem eveniet ut earum harum et.\" href=\"https://shanahan.com/alias-rerum-dolores-numquam-ut-animi-consectetur.html\">placeat quidem optio. Sint et</a> <a title=\"Quis cum alias.\" href=\"http://schoen.org/omnis-voluptatem-cum-laudantium-ut-rerum-eum-laboriosam-dolores\">suscipit est.</a></p></blockquote>\n<p><!--more--></p>\n<p>Nostrum in nam dolor sequi aliquid sed. Autem autem dolores voluptate culpa fuga. Illum nostrum officiis in. Et neque voluptatem sit. qui cupiditate. et dolorem sunt. <a title=\"Repudiandae et nam.\" href=\"https://borer.info/quas-aut-nesciunt-et-molestias.html\">quia illum</a> ipsa. Iure dolores soluta a et autem. deleniti sequi harum Repudiandae doloribus non quo. Ratione a modi soluta molestiae quod. Modi expedita laborum Quia quod rerum praesentium architecto.</p>\n","id":"5c32dd66-5f58-5ae5-8fbc-ff98be434e5d"}},{"node":{"slug":"cum-recusandae-aut-fuga-minus","title":"Cum recusandae aut fuga minus","content":"<ol>\n<li>Error et hic necessitatibus sed quis</li>\n<li>In ut error eaque debitis quia</li>\n<li>Corrupti et id et accusantium</li>\n<li>Atque dignissimos labore consequatur</li>\n<li>Quis rerum et eius et</li>\n<li>Odio distinctio sint id atque quasi similique iusto</li>\n</ol>\n","id":"dda0d2f2-0640-5078-a533-cb032561d9e1"}}],"n":0,"maxn":2}}