{"data":{"wordpressPost":{"title":"Neque quod pariatur harum soluta","content":"<hr>\n<h5>Ut odit dolorem nam voluptatum voluptatem. Similique voluptatum iure quibusdam necessitatibus</h5>\n<p><img alt=\"Quia ut mollitia eos suscipit nulla quod ut\" src=\"http://obcet.tode.cz/wp-content/uploads/2019/02/7da44869-fa67-3da9-a271-e4c898fde5dd.jpg\"></p>\n<p>Beatae tenetur voluptates mollitia. Nobis iure et saepe omnis consectetur dolorum. Sit aut eos accusamus adipisci quia sed numquam. Harum assumenda ipsa fugit quidem exercitationem blanditiis autem et. Et minus non necessitatibus et. Omnis consequatur quaerat sint id amet magni. Necessitatibus sequi sit fugit cumque enim molestias quo. Iste quo aut minima enim quasi dicta ea rerum. Perspiciatis consectetur porro qui doloremque. Id ut quis exercitationem quod qui debitis et. Et porro aut mollitia laudantium maiores corporis. Et culpa culpa voluptatem unde dicta voluptas.</p>\n<p><!--more--></p>\n<ol>\n<li>Iure dolorem labore omnis at</li>\n<li>Expedita adipisci</li>\n<li>Quod non</li>\n</ol>\n<p><img class=\"aligncenter\" src=\"http://obcet.tode.cz/wp-content/uploads/2019/02/2857bb5a-01de-3dd8-b19b-98c1fa7e2470.jpg\"></p>\n<hr>\n","date":"2019-01-15T10:13:06.000Z","author":{"name":"Bohuslav Pilgr"}}},"pageContext":{"id":"388becec-abc7-5ce0-a940-e8278cb03c7f"}}