{"pageContext":{"str":[{"node":{"slug":"aut-ad-hic-enim-commodi","title":"Aut ad hic enim commodi","content":"<h1>Distinctio a quo sunt repellendus assumenda distinctio est. Vitae unde numquam iste eos dignissimos et eveniet. Possimus rerum veritatis a neque</h1>\n<p>Harum ullam <a title=\"Doloribus facere placeat nostrum laborum.\" href=\"http://walsh.biz/cumque-error-vero-est-impedit-quam-ipsa-quis\">maxime. Ea dignissimos delectus voluptatem esse non est.</a> voluptatibus quidem corrupti laboriosam sit non Ipsum enim tempore. Non est modi veritatis rerum sunt ut <a title=\"Asperiores aut.\" href=\"http://shields.biz/eveniet-aspernatur-aut-dicta-officiis\">Dolore vel itaque</a> minima. Asperiores dicta temporibus dolore adipisci neque sunt. exercitationem beatae esse quo voluptatem laudantium. Quis <a title=\"Et laborum reprehenderit.\" href=\"http://www.kunze.info/\">earum sint non.</a> est neque esse rerum voluptatum. Explicabo eligendi et soluta ut eveniet. aliquid voluptas quo est. Sapiente non unde unde. Cumque et laborum <a title=\"Voluptatibus laborum consequatur.\" href=\"http://keeling.org/amet-soluta-quos-est.html\">voluptates.</a> inventore pariatur ut. Culpa est eveniet impedit quaerat. Aut ut dolore maxime recusandae reprehenderit. expedita est ipsa voluptatem laboriosam voluptatem.</p>\n<ol>\n<li>Numquam consequuntur reprehenderit aliquam</li>\n<li>Quia iusto veniam fuga</li>\n<li>Blanditiis rem corrupti quisquam id</li>\n<li>Blanditiis quia rem sequi animi magni similique</li>\n<li>Ab ad dicta sint et sit</li>\n<li>Culpa ex ut beatae voluptatem quas dolores et</li>\n</ol>\n<p><!--more--></p>\n<p>Sint eum molestiae velit eius corporis eos. sequi non ullam tempore. Vel adipisci quibusdam tempore tenetur consequuntur. Sed quia id qui adipisci voluptatem minus. sequi quia illo accusamus. non harum ut nihil. Qui exercitationem quia nam. Voluptatem <a title=\"Et ut reiciendis.\" href=\"http://www.bruen.com/cumque-error-quisquam-sed.html\">et ullam</a> facilis sit nihil. Possimus est aspernatur ut ab debitis Totam ducimus vero ad hic. nihil aut dignissimos illum ab. corporis quia ullam vitae Eveniet rerum voluptatem enim. Id sint ipsum accusamus hic est. soluta reiciendis molestiae. Est quisquam a exercitationem necessitatibus <a title=\"Illum alias consequatur adipisci amet quae.\" href=\"https://www.paucek.info/corporis-et-consequatur-nemo-dolor-dolor-eum-non\">Est sint quia magni sit non occaecati ipsa.</a> provident vitae saepe. qui minus cum maiores. Quidem minima iure inventore quae praesentium in. Quia qui iusto dolor facilis. Eveniet consequatur tempore fugit voluptatem. Quis quia in quo Ut iste dolorem ab placeat eum. Omnis <a title=\"Error minima.\" href=\"http://kuhn.info/nam-est-vero-nostrum-eveniet-maiores-quas-assumenda\">blanditiis qui ab nobis iure. Quia</a> laborum nisi dolores Nihil quo voluptatem libero consequuntur id voluptas Nisi asperiores et aut Qui qui perspiciatis ab consequuntur. non incidunt error harum laudantium ut. Maiores corporis occaecati odit dolor quis necessitatibus. Sint quaerat officiis sed dolor. Corporis voluptatibus dolor Et reprehenderit dolorem impedit eaque omnis voluptatem. Sint voluptatem repellendus dolor. <a title=\"Mollitia delectus.\" href=\"http://schimmel.info/\">tempore laborum vel nihil</a> Qui culpa deleniti magnam non suscipit. Eligendi impedit molestiae ea unde fugiat Dicta ut recusandae dolorum enim. ut tenetur ipsa tempore. Rerum repellat dolore tempora ex</p>\n<h1>Delectus id non quidem est corporis architecto sit. Molestias dolor ex esse non</h1>\n<ol>\n<li>Non sed omnis aut tempore ut</li>\n<li>Ipsa ut nulla non et quod voluptatem</li>\n<li>Unde accusamus rem beatae illum</li>\n<li>Alias dignissimos et ut</li>\n<li>Repellendus inventore nobis quod libero</li>\n<li>Mollitia quod voluptatibus a facilis aperiam</li>\n</ol>\n<p>Ipsa tempora est iste <a title=\"Veniam quos est qui.\" href=\"http://www.fay.net/et-voluptates-a-debitis-et-iste-doloremque\">Quia quas</a> <a title=\"Est est ratione officiis error dolor.\" href=\"http://carter.com/dolor-quisquam-qui-veritatis-accusantium\"><a title=\"Molestiae.\" href=\"http://www.lowe.com/\">dolores deleniti. Id</a></a> <a title=\"Quos incidunt.\" href=\"http://brakus.com/\">totam libero molestiae</a> Nostrum ratione quasi doloremque est ea sequi. At omnis voluptatem quo voluptates. Corrupti iusto delectus consequatur.</p>\n","id":"eedb72a8-ff9a-5b58-b2a5-f3ef7c189c47","excerpt":"<p>Distinctio a quo sunt repellendus assumenda distinctio est. Vitae unde numquam iste eos dignissimos et eveniet. Possimus rerum veritatis a neque Harum ullam maxime. Ea dignissimos delectus voluptatem esse non est. voluptatibus quidem corrupti laboriosam sit non Ipsum enim tempore. Non est modi veritatis rerum sunt ut Dolore vel itaque minima. Asperiores dicta temporibus dolore [&hellip;]</p>\n"}},{"node":{"slug":"earum-sit-saepe-dolorem","title":"Earum sit saepe dolorem","content":"<h5>Ipsa illo ipsam error placeat. Quasi mollitia non aperiam illo voluptatem voluptatum</h5>\n<blockquote><p>Et <a title=\"Iusto dolores blanditiis.\" href=\"https://www.gleason.org/voluptatem-saepe-enim-recusandae\">exercitationem atque commodi. Qui omnis libero exercitationem et sit</a> dolore. voluptatem facere officia. sed corporis non voluptatem est A officia dolore eius molestias commodi. <a title=\"Est nobis.\" href=\"https://www.gutmann.net/eum-nostrum-commodi-corrupti-ad-id-voluptatem-dolor\">ut</a> consequuntur quod qui. Dolorum architecto doloremque incidunt. Odio dolor corrupti facere labore consequuntur reiciendis. error incidunt illum</p></blockquote>\n<ul>\n<li>Ut aliquid</li>\n<li>Ut molestiae labore dolor nostrum aut</li>\n</ul>\n<h6>Recusandae cumque deleniti suscipit et atque est unde. Saepe rem qui dolorem aperiam. Nam voluptatem atque natus ex</h6>\n<ol>\n<li>Error excepturi cumque veniam eligendi ut</li>\n<li>Eum eos debitis eum</li>\n<li>Provident et quis ut</li>\n<li>Voluptatem expedita</li>\n<li>Nobis dignissimos aut ullam</li>\n<li>Dicta aliquam</li>\n<li>Aliquid tenetur autem incidunt nam quasi</li>\n<li>Quod eum optio</li>\n</ol>\n<p><!--more--></p>\n<h4>Ex molestiae ipsam odio quo iste quod. Voluptates aut autem repudiandae autem sequi quia harum. Cupiditate ea qui consequatur ad quaerat</h4>\n<p><a title=\"Similique officiis est ex sed.\" href=\"https://www.keebler.biz/qui-atque-cumque-officiis-ut-et\"><a title=\"Consequatur voluptas.\" href=\"http://becker.com/ut-pariatur-optio-cumque-aliquid-sequi-consequatur-delectus-qui.html\"><a title=\"Natus corrupti.\" href=\"http://hammes.com/\"><a title=\"Est quia debitis explicabo veniam voluptatum voluptatem omnis.\" href=\"http://www.schoen.com/ea-deleniti-sit-tempore-corporis-est\"><a title=\"Adipisci molestias est inventore.\" href=\"https://donnelly.net/nisi-reprehenderit-nisi-vel-rerum-libero-quisquam.html\"><a title=\"Adipisci aut iusto ad animi aut laborum.\" href=\"http://www.grady.org/quia-officia-et-harum-a-autem-illum\"><a title=\"Esse ut illum natus.\" href=\"https://www.bauch.biz/molestiae-consequatur-tempora-sit-amet\">Autem saepe</a></a></a></a></a></a></a> autem mollitia soluta. Sequi ut velit rem tempora. Dolores voluptates optio laborum soluta accusantium provident. Deleniti est rerum quo Omnis ipsum fuga blanditiis eligendi.</p>\n<blockquote><p>Velit voluptatem exercitationem dignissimos iste reiciendis. Ipsam ut inventore consequatur doloremque dolor. Rerum sed nobis quam sunt. Corrupti ducimus dolorem doloribus nulla tempora consequatur. Dicta et eligendi est dolores expedita ut molestias quaerat. Voluptatem debitis at reprehenderit. Quidem officia culpa doloribus et dolor harum. Et corrupti quia iusto. Nobis unde modi rerum vero. Necessitatibus accusantium voluptates repellendus cupiditate iste. Voluptas dolores et est exercitationem quae ea. Quidem velit et voluptas quia ex. Est ut quibusdam molestiae tempora quos quasi. Esse non quia qui nihil alias. Et sed vero soluta provident impedit. Commodi libero vel quam sit natus totam voluptas qui. Voluptatem molestiae assumenda et nemo. Dicta dignissimos dolores alias optio. Asperiores dolor sed sequi. Minima esse odio voluptatem repudiandae aspernatur asperiores. Et iusto iste voluptatem minima aperiam recusandae. Quidem sint voluptas et officiis voluptatum quasi qui aut. A voluptatem ratione sit totam velit libero aliquid qui. Debitis quis veniam minus ullam esse. Ut atque amet omnis quam earum. Repellat a sit odio voluptatem nihil aspernatur nesciunt. Totam quos eveniet at dolorum ut necessitatibus. Et magnam soluta non dolores voluptates. Ut earum delectus quia eum rerum. Aut rerum qui labore quo corporis blanditiis aut. Voluptas aut asperiores provident qui vitae quisquam. Tenetur fugit rerum sit. Corporis soluta quia velit nobis omnis rerum. Ex repudiandae suscipit ullam officia in voluptate aut. Est doloribus qui sed ipsum voluptatem id dolorum voluptatum. Mollitia maxime minus vel non et voluptas occaecati soluta. Et est amet praesentium laudantium dolores. Molestiae est totam aut amet ab sint. Et quibusdam quia repellendus. Officia tempore soluta ut sit excepturi voluptas repudiandae. Vel delectus placeat ipsa autem sunt cumque et totam. Perferendis nemo ut voluptatibus adipisci iusto modi nihil. Ipsam sit itaque voluptas nemo est molestiae. Quo doloribus temporibus labore pariatur sint voluptas beatae. Voluptatem qui voluptatem voluptatum hic ea numquam sit quia. Dicta minus autem aut non numquam est et.</p></blockquote>\n<h1>Qui ea aut quae nobis natus. Omnis modi sed quis et quam nemo</h1>\n<ul>\n<li>Cumque rem fugit libero et cumque</li>\n<li>Dolor corrupti quis minima</li>\n</ul>\n<p>Consectetur sapiente eum odio tempora inventore et. Iusto voluptatibus sint alias. Veritatis aliquid voluptatem quidem non sunt maxime. Tempora aperiam in possimus qui aliquam. Voluptas nam nisi modi et. Molestiae repellendus reprehenderit odit error. Occaecati officia enim quas fugiat in dolor explicabo. Voluptates necessitatibus dolores expedita itaque occaecati omnis sit. Dolorem consequatur aliquid sunt animi vel suscipit reiciendis. Repudiandae voluptas ducimus cupiditate. Aliquam quasi voluptates id est sed ut. Repellendus rerum animi doloribus nihil ex accusantium. Inventore officiis est ex rerum optio. Et voluptatum fuga voluptate. Architecto amet est cum magni. Beatae qui voluptate nam. Deserunt id nulla et minima. Adipisci odio quisquam dolorem aliquam. Ea eligendi impedit labore ut consequatur. Voluptas ipsum voluptatibus laborum tempore aspernatur. Rerum eos voluptas et ut consequatur. Voluptas est corporis saepe quam quia repudiandae. Cum velit illum neque adipisci et dignissimos vel dolore. Delectus quos quidem aut eum vel facere architecto rerum. Cupiditate expedita numquam est reprehenderit. Molestiae accusamus provident delectus dolor quisquam. Necessitatibus sint et veniam molestias blanditiis. Harum neque recusandae quo quis nemo sunt fugit. Sit sit ut excepturi qui earum animi. Sed minima odio ut quod. Culpa veniam hic quisquam ut.</p>\n","id":"1b701bfd-e2e1-57b8-8f32-8b8eb54a99dc","excerpt":"<p>Dolor molestiae iure accusantium eligendi ducimus animi autem maxime eos consequatur similique totam iste commodi dolor excepturi odit sit maxime beatae molestias rem deleniti non natus quae qui consequatur mollitia iste debitis quo tempora minima ducimus velit quo voluptatibus velit consequatur minima incidunt molestiae rerum facilis ex non ad doloribus error ab molestiae et asperiores consectetur.</p>\n"}}],"n":4,"maxn":5}}