{"data":{"wordpressPost":{"title":"Pojedeme na Pěkné prázdniny","content":"\n<p>25. ročník Pěkných prázdnin s OB v Českém ráji je minulostí. Věříme, že se Vám u nás líbilo, užili jste si náročné, ale nádherné skalnaté terény a odnesli spousty zážitků. Vítězství v hlavních kategoriích si letos odnášejí možná trochu překvapivě, ale naprosto zaslouženě pardubická Zuzana Hermanová a německý reprezentant běhající za pořádající oddíl Moritz Döllgast. Gratulujeme ale nejen vítězům, ale i všem, kteří dokončili všechny tři etapy letošních PP.</p>\n\n\n\n<p>Příští ročník PP se uskuteční v tradičním termínu 26. &#8211; 27.8.2017 v oblasti Skaláčku a Hruboskalska. Budeme rádi, pokud se opět zúčastníte!</p>\n\n\n\n<p>A pro připomenutí skvělých zážitků z ročníku letošního přidáváme k nahlédnutí krátké video z průběhu první a druhé etapy letošních PP.</p>\n","date":"2019-02-04T17:49:11.000Z","author":{"name":"Bohuslav Pilgr"}}},"pageContext":{"id":"9a840faf-12ad-5413-ba11-192429e320ee"}}