{"data":{"wordpressPost":{"title":"vitej ja jsem luda","content":"\n<p> <br>bla bla bal  <br>bla bla bal  <br>bla bla bal  <br>bla bla bal  <br>bla bla bal  <br>bla bla bal  <br>bla bla bal  <br>bla bla bal  <br>bla bla bal  <br>bla bla bal  <br>bla bla bal  <br>bla bla bal  <br>bla bla bal  <br>bla bla bal  <br>bla bla bal  <br>bla bla bal  <br>bla bla bal  <br>bla bla bal  <br>bla bla bal  <br>bla bla bal  <br>bla bla bal  <br>bla bla bal  <br>bla bla bal  <br>bla bla bal  <br>bla bla bal  <br>bla bla bal  <br>bla bla bal  <br>bla bla bal  <br>bla bla bal  <br>bla bla bal  <br>bla bla bal  <br>bla bla bal  <br>bla bla bal  <br>bla bla bal  <br>bla bla bal  <br>bla bla bal  <br>bla bla bal  <br>bla bla bal  <br>bla bla bal </p>\n\n\n\n<p><div><strong><a href=\"http://seznam.cz\">XDD</a></strong></div></p>\n","date":"2019-02-05T18:50:49.000Z","author":{"name":"Luděk Pilgr"}}},"pageContext":{"id":"7bdbc3af-5782-5589-9bb9-778ac80482df"}}