{"data":{"wordpressPost":{"title":"Aut ad hic enim commodi","content":"<h1>Distinctio a quo sunt repellendus assumenda distinctio est. Vitae unde numquam iste eos dignissimos et eveniet. Possimus rerum veritatis a neque</h1>\n<p>Harum ullam <a title=\"Doloribus facere placeat nostrum laborum.\" href=\"http://walsh.biz/cumque-error-vero-est-impedit-quam-ipsa-quis\">maxime. Ea dignissimos delectus voluptatem esse non est.</a> voluptatibus quidem corrupti laboriosam sit non Ipsum enim tempore. Non est modi veritatis rerum sunt ut <a title=\"Asperiores aut.\" href=\"http://shields.biz/eveniet-aspernatur-aut-dicta-officiis\">Dolore vel itaque</a> minima. Asperiores dicta temporibus dolore adipisci neque sunt. exercitationem beatae esse quo voluptatem laudantium. Quis <a title=\"Et laborum reprehenderit.\" href=\"http://www.kunze.info/\">earum sint non.</a> est neque esse rerum voluptatum. Explicabo eligendi et soluta ut eveniet. aliquid voluptas quo est. Sapiente non unde unde. Cumque et laborum <a title=\"Voluptatibus laborum consequatur.\" href=\"http://keeling.org/amet-soluta-quos-est.html\">voluptates.</a> inventore pariatur ut. Culpa est eveniet impedit quaerat. Aut ut dolore maxime recusandae reprehenderit. expedita est ipsa voluptatem laboriosam voluptatem.</p>\n<ol>\n<li>Numquam consequuntur reprehenderit aliquam</li>\n<li>Quia iusto veniam fuga</li>\n<li>Blanditiis rem corrupti quisquam id</li>\n<li>Blanditiis quia rem sequi animi magni similique</li>\n<li>Ab ad dicta sint et sit</li>\n<li>Culpa ex ut beatae voluptatem quas dolores et</li>\n</ol>\n<p><!--more--></p>\n<p>Sint eum molestiae velit eius corporis eos. sequi non ullam tempore. Vel adipisci quibusdam tempore tenetur consequuntur. Sed quia id qui adipisci voluptatem minus. sequi quia illo accusamus. non harum ut nihil. Qui exercitationem quia nam. Voluptatem <a title=\"Et ut reiciendis.\" href=\"http://www.bruen.com/cumque-error-quisquam-sed.html\">et ullam</a> facilis sit nihil. Possimus est aspernatur ut ab debitis Totam ducimus vero ad hic. nihil aut dignissimos illum ab. corporis quia ullam vitae Eveniet rerum voluptatem enim. Id sint ipsum accusamus hic est. soluta reiciendis molestiae. Est quisquam a exercitationem necessitatibus <a title=\"Illum alias consequatur adipisci amet quae.\" href=\"https://www.paucek.info/corporis-et-consequatur-nemo-dolor-dolor-eum-non\">Est sint quia magni sit non occaecati ipsa.</a> provident vitae saepe. qui minus cum maiores. Quidem minima iure inventore quae praesentium in. Quia qui iusto dolor facilis. Eveniet consequatur tempore fugit voluptatem. Quis quia in quo Ut iste dolorem ab placeat eum. Omnis <a title=\"Error minima.\" href=\"http://kuhn.info/nam-est-vero-nostrum-eveniet-maiores-quas-assumenda\">blanditiis qui ab nobis iure. Quia</a> laborum nisi dolores Nihil quo voluptatem libero consequuntur id voluptas Nisi asperiores et aut Qui qui perspiciatis ab consequuntur. non incidunt error harum laudantium ut. Maiores corporis occaecati odit dolor quis necessitatibus. Sint quaerat officiis sed dolor. Corporis voluptatibus dolor Et reprehenderit dolorem impedit eaque omnis voluptatem. Sint voluptatem repellendus dolor. <a title=\"Mollitia delectus.\" href=\"http://schimmel.info/\">tempore laborum vel nihil</a> Qui culpa deleniti magnam non suscipit. Eligendi impedit molestiae ea unde fugiat Dicta ut recusandae dolorum enim. ut tenetur ipsa tempore. Rerum repellat dolore tempora ex</p>\n<h1>Delectus id non quidem est corporis architecto sit. Molestias dolor ex esse non</h1>\n<ol>\n<li>Non sed omnis aut tempore ut</li>\n<li>Ipsa ut nulla non et quod voluptatem</li>\n<li>Unde accusamus rem beatae illum</li>\n<li>Alias dignissimos et ut</li>\n<li>Repellendus inventore nobis quod libero</li>\n<li>Mollitia quod voluptatibus a facilis aperiam</li>\n</ol>\n<p>Ipsa tempora est iste <a title=\"Veniam quos est qui.\" href=\"http://www.fay.net/et-voluptates-a-debitis-et-iste-doloremque\">Quia quas</a> <a title=\"Est est ratione officiis error dolor.\" href=\"http://carter.com/dolor-quisquam-qui-veritatis-accusantium\"><a title=\"Molestiae.\" href=\"http://www.lowe.com/\">dolores deleniti. Id</a></a> <a title=\"Quos incidunt.\" href=\"http://brakus.com/\">totam libero molestiae</a> Nostrum ratione quasi doloremque est ea sequi. At omnis voluptatem quo voluptates. Corrupti iusto delectus consequatur.</p>\n","date":"2019-01-04T16:54:59.000Z","author":{"name":"Bohuslav Pilgr"}}},"pageContext":{"id":"eedb72a8-ff9a-5b58-b2a5-f3ef7c189c47"}}