{"data":{"wordpressPage":{"slug":"seznam-clenu","title":"Seznam členů","content":"\n<table class=\"wp-block-table\"><tbody><tr><td><strong>Reg. číslo</strong></td><td><strong>Příjmení</strong></td><td><strong>Jméno</strong></td></tr><tr><td>CET0102</td><td>Kovář</td><td>Lukáš</td></tr><tr><td>CET0501</td><td>Kovář</td><td>Radim</td></tr><tr><td>CET0502</td><td>Kadrman</td><td>Jakub</td></tr><tr><td>CET0601</td><td>Hájek</td><td>Dominik</td></tr><tr><td>CET0602</td><td>Škop</td><td>Jonáš</td></tr><tr><td>CET0751</td><td>Hájková</td><td>Lucie</td></tr><tr><td>CET0951</td><td>Pilgrová</td><td>Alexandra</td></tr><tr><td>CET1103</td><td>Šafář</td><td>Jakub</td></tr><tr><td>CET1151</td><td>Kadrmanová</td><td>Nela</td></tr><tr><td>CET1401</td><td>Pilgr</td><td>Vladimír</td></tr><tr><td>CET1402</td><td>Šafář</td><td>Jan&nbsp;</td></tr><tr><td>CET1451</td><td>Balcarová</td><td>Nikola</td></tr><tr><td>CET1501</td><td>Hájek</td><td>Aleš</td></tr><tr><td>CET5001</td><td>Rybička</td><td>Jan</td></tr><tr><td>CET5002</td><td>Čípa</td><td>Jiří</td></tr><tr><td>CET5101</td><td>Pilgr</td><td>Bohuslav</td></tr><tr><td>CET5151</td><td>Pilgrová</td><td>Anna</td></tr><tr><td>CET5300</td><td>Hruška</td><td>Milan</td></tr><tr><td>CET5851</td><td>Bačová</td><td>Jarmila</td></tr><tr><td>CET5901</td><td>Cink</td><td>Lubomír</td></tr><tr><td>CET6301</td><td>Záveský</td><td>Richard</td></tr><tr><td>CET6450</td><td>Záveská</td><td>Anna</td></tr><tr><td>CET7001</td><td>Śafář</td><td>Miroslav</td></tr><tr><td>CET7301</td><td>Kadrman</td><td>Jiří</td></tr><tr><td>CET7551</td><td>Śkopova</td><td>Jana</td></tr><tr><td>CET7552</td><td>Kovářová</td><td>Anna</td></tr><tr><td>CET7554</td><td>Hájková</td><td>Ludmila</td></tr><tr><td>CET7601</td><td>Pilgr</td><td>Luděk</td></tr><tr><td>CET7602</td><td>Škop</td><td>Milan</td></tr><tr><td>CET7801</td><td>Betlach</td><td>Michal</td></tr><tr><td>CET8001</td><td>Pilgr</td><td>Aleš</td></tr><tr><td>CET8002</td><td>Pešek</td><td>Kamil</td></tr><tr><td>CET8051</td><td>Šafářová</td><td>Ivana</td></tr><tr><td>CET8103</td><td>Balcar</td><td>Vít</td></tr><tr><td>CET8152</td><td>Pilíková</td><td>Veronika</td></tr><tr><td>CET8251</td><td>Pešková</td><td>Jana</td></tr><tr><td>CET8252</td><td>Balcarová</td><td>Kateřina</td></tr><tr><td>CET8601</td><td>Hruška</td><td>Petr</td></tr><tr><td>CET9001</td><td>Záveský</td><td>Marek</td></tr></tbody></table>\n","date":"2019-02-04T18:03:05.000Z","author":{"name":"Bohuslav Pilgr"}}},"pageContext":{"id":"d526e722-b390-5e46-ab69-143c89e1445e"}}