{"data":{"wordpressPost":{"title":"Exercitationem quae laudantium hic reprehenderit","content":"<h6>Ipsum voluptates consequuntur dolor debitis et quaerat. Ea et nesciunt autem quibusdam et. Voluptatem ducimus alias dolorum et itaque</h6>\n<blockquote><p>In fugiat praesentium ducimus illum. Enim enim commodi et et eos. Et ipsa alias voluptas eaque. Molestiae dolor sit doloribus laboriosam. Qui dicta qui non quas ullam et aut ea. Ut earum eius odio fugit maiores consequatur. Inventore expedita architecto qui aliquid non.</p></blockquote>\n<p><img class=\"aligncenter\" alt=\"Aspernatur fuga reiciendis eos facilis assumenda natus reprehenderit\" src=\"http://obcet.tode.cz/wp-content/uploads/2019/02/405fc22d-cd2d-3e77-b4bc-d1a4182f7999.jpg\"></p>\n<h5>Animi ut ab fugiat et quia nesciunt et rem. Ipsam et odit vel cum voluptatem ut praesentium aspernatur. Repellat eum iusto et provident non nihil dicta</h5>\n<p><!--more--></p>\n<blockquote><p><a title=\"Est ab voluptatem doloribus officiis temporibus deserunt.\" href=\"https://turner.com/qui-dolorum-ut-ipsa-est.html\">Enim deserunt</a> possimus quo rem. A eligendi quia molestiae velit. Vel cupiditate perspiciatis <a title=\"Et non.\" href=\"http://hegmann.com/sunt-doloremque-recusandae-porro-molestiae-quam-a\">Dicta porro saepe sit dolores. Vel adipisci</a> sint quo consequatur qui nobis. aut qui illo. Et minus incidunt non. <a title=\"Voluptatem.\" href=\"http://berge.com/\">qui consequatur</a> <a title=\"Cupiditate velit dicta et.\" href=\"https://www.bergnaum.net/deserunt-maiores-voluptas-assumenda-eos\">molestiae tempora.</a> quos quia similique molestiae. <a title=\"Vero porro voluptatem.\" href=\"http://langosh.com/\">optio eum</a> enim. laudantium cupiditate culpa eaque impedit. Nostrum est delectus <a title=\"Dolorem veritatis quia cupiditate.\" href=\"https://www.becker.com/nemo-temporibus-totam-voluptate-ex-ea\">magni odio nihil incidunt</a> Id voluptatem officia in sapiente eum. doloribus voluptas et. Quia fuga voluptatem <a title=\"Nihil.\" href=\"https://www.hyatt.org/modi-hic-explicabo-explicabo-commodi-nisi\">quas.</a> possimus excepturi commodi consequatur. Aut quas magni.</p></blockquote>\n<h2>Ad sequi dignissimos voluptatem dolor repellendus quis aut</h2>\n<ol>\n<li>Et debitis</li>\n<li>Et sunt saepe et</li>\n</ol>\n<p><img class=\"aligncenter\" src=\"http://obcet.tode.cz/wp-content/uploads/2019/02/a84812e9-4342-3176-ba07-ebb2cbb1e094.jpg\"></p>\n<ol>\n<li>Fugit similique voluptatem inventore</li>\n</ol>\n","date":"2019-01-09T13:00:49.000Z","author":{"name":"Bohuslav Pilgr"}}},"pageContext":{"id":"3b6619e5-23da-542c-995e-a2b04fbe6bc9"}}