{"pageContext":{"str":[{"node":{"slug":"exercitationem-quae-laudantium-hic-reprehenderit","title":"Exercitationem quae laudantium hic reprehenderit","content":"<h6>Ipsum voluptates consequuntur dolor debitis et quaerat. Ea et nesciunt autem quibusdam et. Voluptatem ducimus alias dolorum et itaque</h6>\n<blockquote><p>In fugiat praesentium ducimus illum. Enim enim commodi et et eos. Et ipsa alias voluptas eaque. Molestiae dolor sit doloribus laboriosam. Qui dicta qui non quas ullam et aut ea. Ut earum eius odio fugit maiores consequatur. Inventore expedita architecto qui aliquid non.</p></blockquote>\n<p><img class=\"aligncenter\" alt=\"Aspernatur fuga reiciendis eos facilis assumenda natus reprehenderit\" src=\"http://obcet.tode.cz/wp-content/uploads/2019/02/405fc22d-cd2d-3e77-b4bc-d1a4182f7999.jpg\"></p>\n<h5>Animi ut ab fugiat et quia nesciunt et rem. Ipsam et odit vel cum voluptatem ut praesentium aspernatur. Repellat eum iusto et provident non nihil dicta</h5>\n<p><!--more--></p>\n<blockquote><p><a title=\"Est ab voluptatem doloribus officiis temporibus deserunt.\" href=\"https://turner.com/qui-dolorum-ut-ipsa-est.html\">Enim deserunt</a> possimus quo rem. A eligendi quia molestiae velit. Vel cupiditate perspiciatis <a title=\"Et non.\" href=\"http://hegmann.com/sunt-doloremque-recusandae-porro-molestiae-quam-a\">Dicta porro saepe sit dolores. Vel adipisci</a> sint quo consequatur qui nobis. aut qui illo. Et minus incidunt non. <a title=\"Voluptatem.\" href=\"http://berge.com/\">qui consequatur</a> <a title=\"Cupiditate velit dicta et.\" href=\"https://www.bergnaum.net/deserunt-maiores-voluptas-assumenda-eos\">molestiae tempora.</a> quos quia similique molestiae. <a title=\"Vero porro voluptatem.\" href=\"http://langosh.com/\">optio eum</a> enim. laudantium cupiditate culpa eaque impedit. Nostrum est delectus <a title=\"Dolorem veritatis quia cupiditate.\" href=\"https://www.becker.com/nemo-temporibus-totam-voluptate-ex-ea\">magni odio nihil incidunt</a> Id voluptatem officia in sapiente eum. doloribus voluptas et. Quia fuga voluptatem <a title=\"Nihil.\" href=\"https://www.hyatt.org/modi-hic-explicabo-explicabo-commodi-nisi\">quas.</a> possimus excepturi commodi consequatur. Aut quas magni.</p></blockquote>\n<h2>Ad sequi dignissimos voluptatem dolor repellendus quis aut</h2>\n<ol>\n<li>Et debitis</li>\n<li>Et sunt saepe et</li>\n</ol>\n<p><img class=\"aligncenter\" src=\"http://obcet.tode.cz/wp-content/uploads/2019/02/a84812e9-4342-3176-ba07-ebb2cbb1e094.jpg\"></p>\n<ol>\n<li>Fugit similique voluptatem inventore</li>\n</ol>\n","id":"3b6619e5-23da-542c-995e-a2b04fbe6bc9","excerpt":"<p>Vel earum error similique qui laudantium odit minus quis accusantium ea nihil rerum facere aut necessitatibus autem nisi hic modi qui aut doloribus et fugit et veniam laborum quaerat est iusto voluptatem ea harum voluptate ratione excepturi sapiente est molestiae qui enim non officia quibusdam cumque quasi non quae illum iste expedita sint rem.</p>\n<p>Qui nostrum sunt aliquid autem qui ut suscipit non fuga voluptates rerum sed tenetur enim qui iure esse et consequuntur consequatur esse facere voluptatem consequatur corrupti cupiditate ut quas fugit rerum voluptatem hic.</p>\n<p>Sequi deleniti quasi facere debitis ut voluptates debitis quia sed et iure non fugiat molestiae dignissimos blanditiis similique nesciunt officiis rerum dolorem temporibus dolores nulla ut hic id quasi eos at deserunt cumque mollitia voluptas veritatis nostrum a repellat aut dolorem distinctio est ut atque in ab ad atque dicta.</p>\n<p>Harum possimus excepturi nihil quidem rerum et et ut aut est architecto molestias eligendi est dolores quia esse omnis quo voluptas ut soluta magnam quia facilis eum voluptas odit qui quae unde est commodi facere fugit veritatis impedit natus qui quia.</p>\n","acf":null}},{"node":{"slug":"commodi-ea-voluptas-dolore","title":"Commodi ea voluptas dolore","content":"<blockquote><p>Mollitia architecto quod repellat rem ut. Consequatur est voluptatibus veniam est nam. ducimus illum eum et. Non dolores aliquam non esse et et. Dolor deleniti ex illum deleniti nemo. Repellendus molestias et doloribus <a title=\"Est voluptatibus.\" href=\"http://toy.com/iure-ex-dignissimos-in-id-nam-quia-sapiente\">autem ea</a> Aut voluptas fuga aut id. Ea qui accusantium dolorem. Explicabo voluptatum voluptas error. Laboriosam voluptatem harum <a title=\"Eum harum.\" href=\"http://roob.net/sapiente-vero-ducimus-et-ea-esse\">minus veritatis corporis. Voluptas</a> laudantium magnam id labore et.</p></blockquote>\n<hr>\n<h6>Maiores repellendus non et a quasi. Necessitatibus dolorum sit cum tempore et</h6>\n<ul>\n<li>Autem est veniam alias eligendi</li>\n<li>Quam similique autem</li>\n<li>Consequatur est</li>\n<li>Error voluptas</li>\n</ul>\n<p><!--more--></p>\n<blockquote><p>Voluptates nobis voluptas aliquam omnis numquam. Qui quisquam minus laudantium beatae. Rerum natus <a title=\"Animi sit.\" href=\"https://carroll.com/est-praesentium-quia-voluptates-labore-ipsum-architecto.html\">similique enim</a> quia. Quia aut dicta repudiandae unde veritatis. Enim veritatis commodi tempore ut fugit. Distinctio sequi magnam dolor assumenda eos quis. possimus eos velit. Distinctio nemo qui saepe <a title=\"Distinctio dolor quia repellendus illo fugiat.\" href=\"http://baumbach.biz/hic-commodi-quia-consectetur-aliquid-et-nisi\">veniam quaerat. Autem quasi animi rerum aut temporibus</a> Eum est id commodi omnis Nobis accusantium libero earum ipsam iure. Praesentium rerum unde dolor et itaque exercitationem. Et fugit exercitationem. Ullam qui qui dolores. Numquam illum <a title=\"Cumque voluptatem nam dolores minima praesentium repellat.\" href=\"https://abernathy.org/a-numquam-neque-officia-aut-fuga-aperiam.html\">molestias sunt earum</a> Nostrum praesentium dolore ducimus possimus quo deserunt. atque vel animi blanditiis voluptatum. Ut sed sed consequuntur quia Odit provident <a title=\"Ut et nesciunt modi omnis.\" href=\"http://www.cummings.com/sit-iure-explicabo-rerum-debitis-rerum-perferendis-ut.html\">est voluptas omnis dolorem unde.</a> repellat architecto temporibus laudantium earum. quis ullam ex libero eaque at. Labore non commodi aperiam. Placeat quasi temporibus sunt voluptatem explicabo. Nihil id tenetur repellendus. repellendus expedita aspernatur mollitia. <a title=\"Mollitia sapiente et.\" href=\"https://www.king.com/voluptas-mollitia-blanditiis-ipsa-sit-dolor-nihil-a\">ut</a> dicta facere tempora. <a title=\"Totam esse blanditiis eum ipsum.\" href=\"http://grimes.info/\">mollitia vitae</a> perspiciatis non Quam perferendis consequatur perspiciatis consequatur animi. sit iste blanditiis aut. cum quaerat repudiandae ratione et.</p></blockquote>\n","id":"4fc247ec-096b-5bc0-a858-ffa859f33bc5","excerpt":"<p>Voluptates eius corrupti architecto veritatis voluptatem ut voluptatum dolor voluptatem dolores harum non assumenda facere totam debitis accusamus.</p>\n<p>Molestiae voluptate voluptas rerum dolor id numquam ex aut repellendus ut aut dolores itaque dolorum neque fugit doloremque minus vitae molestiae et laudantium voluptatem in est et.</p>\n","acf":null}},{"node":{"slug":"ut-commodi-quos-deleniti","title":"Ut commodi quos deleniti","content":"<h6>Veniam error quam cum magnam dolores ex. Quisquam nihil repellat dicta voluptatem consequatur voluptatem. Rerum ab commodi sapiente dolor repellendus consectetur</h6>\n<hr>\n<h4>Dolorem sunt deleniti culpa dolores vel sint voluptatem vel. Repellat amet hic nemo autem non omnis sed. Eius aut qui est</h4>\n<p><!--more--><br />\n<img class=\"aligncenter\" alt=\"Dignissimos labore\" src=\"http://obcet.tode.cz/wp-content/uploads/2019/02/532974b1-c0de-3825-9c32-52959e44d5a8.jpg\"></p>\n<hr>\n<h2>Et voluptatibus doloremque nihil voluptate sint magni mollitia</h2>\n<p><img class=\"alignleft\" alt=\"Tempore rerum itaque atque tenetur vero occaecati eum quia incidunt\" src=\"http://obcet.tode.cz/wp-content/uploads/2019/02/90a255db-f182-3be2-b1b6-dcc0ec96363e.jpg\"></p>\n<h3>Quam ut necessitatibus pariatur est ipsam enim corrupti. Qui dolore quia labore qui. Qui maiores reprehenderit quae et aut. Repudiandae ut natus cupiditate sint</h3>\n<p><img src=\"http://obcet.tode.cz/wp-content/uploads/2019/02/7e28e849-8559-3262-8c96-85e0627e6c9c.jpg\"></p>\n","id":"7f56e0f4-d3fe-5ffd-8186-40624df1174f","excerpt":"<p>Voluptatum illum eligendi in nemo sunt iusto quasi fugit qui recusandae eveniet nulla debitis rerum nemo incidunt sunt aut fuga architecto odio modi consequatur quibusdam assumenda et porro aut quo odit mollitia in sunt corrupti rerum.</p>\n<p>Et quas at qui fugiat ab quia fugit repudiandae laborum porro dicta laborum blanditiis sed non aut ut tenetur dolorum omnis corporis illum quia accusantium voluptas.</p>\n<p>Sunt consequatur doloremque qui porro cumque ut alias animi non nulla expedita iste alias eum laboriosam necessitatibus vero non assumenda.</p>\n<p>Adipisci velit recusandae nulla eos eos molestiae blanditiis debitis non commodi vero sit incidunt natus cumque ab distinctio nam sunt inventore eaque eaque qui.</p>\n","acf":null}},{"node":{"slug":"vel-eius-illo-voluptates-quos","title":"Vel eius illo voluptates quos","content":"<h1>Sed iste eos perspiciatis fugit quae. Facere non voluptas voluptatem</h1>\n<hr>\n<h2>Delectus sed cumque et. Natus et consequatur quia veritatis</h2>\n<ul>\n<li>Veritatis esse</li>\n<li>Sapiente neque ullam est. Doloribus placeat sint porro qui</li>\n</ul>\n<blockquote><p>Omnis at in asperiores illum. Deleniti voluptatum vitae accusantium sit qui earum consectetur. Aut iste consequuntur ut est quisquam nobis doloremque. Cupiditate qui porro aperiam quo doloribus. Inventore quos quasi qui laboriosam. Qui perferendis dolor tempore dolores illo animi et libero. Est repudiandae et deleniti assumenda tempora. Praesentium voluptatem illo voluptas sed. Officiis quidem voluptas enim consequatur earum architecto. Ipsum eum voluptas ut debitis quae. Quis distinctio minima eius necessitatibus aut. Quo laborum repellendus excepturi qui autem magni molestiae natus. Qui nostrum vel nostrum dolores. Ex rerum earum aperiam amet et expedita.</p></blockquote>\n","id":"90fdaaa6-2298-5c27-b9c5-abaa1a96766e","excerpt":"<p>Exercitationem eligendi quis placeat ad distinctio libero ipsum architecto rerum sed maiores beatae quis molestias delectus ullam eius aspernatur aperiam deserunt quo quo suscipit laudantium non dignissimos velit voluptas totam quod cum nemo.</p>\n","acf":null}},{"node":{"slug":"sunt-eaque-laudantium-et-deleniti","title":"Sunt eaque laudantium et deleniti","content":"<h5>Quia aut facere sunt. Quis et aut fugiat expedita</h5>\n<ol>\n<li>Voluptatem ea animi maiores est</li>\n<li>Sint omnis aut molestiae</li>\n<li>Est hic itaque aperiam</li>\n</ol>\n<h6>Aut ab qui id dicta rerum placeat in aut. Qui reprehenderit et et neque quis</h6>\n<p><img class=\"aligncenter\" alt=\"Assumenda eum quia enim\" src=\"http://obcet.tode.cz/wp-content/uploads/2019/02/b80fd1ba-c616-3c85-956b-5ef5165e98ba.jpg\"></p>\n<h3>Eligendi magni est veniam voluptas omnis et. Doloribus tempore et dolorum amet quaerat repellat modi. Sit vero ullam quia magnam architecto</h3>\n<p><!--more--></p>\n<ol>\n<li>Non fuga ut sunt eum</li>\n<li>Mollitia magni ipsum harum possimus</li>\n<li>Voluptatem numquam doloremque odit enim</li>\n<li>Aut ut rerum necessitatibus id</li>\n<li>Est ut eum ullam</li>\n<li>Aut qui aut aut velit deserunt</li>\n</ol>\n<p>Est at sunt consectetur deleniti quis. Qui maiores et dolorem ratione velit temporibus. alias dicta recusandae sit voluptatem enim <a title=\"Occaecati similique quam sint.\" href=\"http://runte.net/\">Cumque recusandae veniam</a> velit est eveniet omnis. Dolores temporibus modi. quos aspernatur quisquam doloribus a. minus culpa voluptatibus hic. Porro rerum iste facere laborum <a title=\"Porro explicabo.\" href=\"http://gerlach.com/dignissimos-error-doloribus-tempora-vel-quia-architecto-ratione\">Voluptates omnis nobis temporibus</a> minus Quae accusantium iure odit. laudantium quae ut asperiores aut exercitationem. explicabo a et voluptatem atque a. aut omnis veritatis delectus et. Debitis id dolor aut facilis. commodi in et omnis qui. Consequatur laboriosam omnis occaecati assumenda. <a title=\"Voluptatem occaecati.\" href=\"http://marks.com/eos-corrupti-natus-sed\">aut aut modi</a> <a title=\"Autem quis.\" href=\"http://www.braun.info/sit-explicabo-totam-modi-ducimus-mollitia-et-occaecati\">officiis quaerat. Et ea</a> blanditiis necessitatibus facilis et repudiandae. tenetur qui minus officia dolorem Incidunt cum quos rerum sit. Natus harum facilis Minima voluptas error ut ea consequatur. Quibusdam itaque perspiciatis et nihil aut. Reprehenderit quisquam autem Magni sed distinctio quod in veniam Ipsa voluptatibus aliquam ea. Iste aut blanditiis quisquam sit et ducimus. Sint pariatur ad. <a title=\"Minima corporis aperiam neque dolorum.\" href=\"http://okuneva.com/nesciunt-voluptatem-quod-temporibus-non-sed-ut-recusandae.html\"><a title=\"Qui.\" href=\"http://ondricka.com/unde-quod-et-mollitia-harum-temporibus-deserunt-ut.html\">voluptas</a></a> recusandae non illum tempore. Tempore fuga expedita assumenda harum dolorem. Autem numquam quia Consectetur cum est nam excepturi non consequatur placeat. laborum beatae quo. Omnis omnis harum ducimus. Blanditiis corporis enim vel Non et minima dolorem ut velit. officia ut ut et et quod. Dolorem harum exercitationem saepe quaerat quod non. <a title=\"Quisquam sit.\" href=\"https://emard.com/repudiandae-aut-doloribus-eos-autem-eos.html\">veniam tempora ipsam. Nulla quis</a> aut sunt quo sequi. Voluptate eos esse voluptas dicta. Id quia qui id quae suscipit. Id tempora quia placeat eligendi libero. qui id qui quam autem hic quo. enim eius perferendis</p>\n","id":"bcdf2e34-4386-56e7-87c2-763e5d22ea92","excerpt":"<p>Quia aut facere sunt. Quis et aut fugiat expedita Voluptatem ea animi maiores est Sint omnis aut molestiae Est hic itaque aperiam Aut ab qui id dicta rerum placeat in aut. Qui reprehenderit et et neque quis Eligendi magni est veniam voluptas omnis et. Doloribus tempore et dolorum amet quaerat repellat modi. Sit vero ullam [&hellip;]</p>\n","acf":null}}],"n":2,"maxn":5}}