{"data":{"wordpressPost":{"title":"Quae at deleniti architecto harum nesciunt quia","content":"<h4>Neque possimus architecto consequatur omnis</h4>\n<ul>\n<li>Dolores aut praesentium dolorem aut</li>\n<li>Corporis qui alias quibusdam</li>\n<li>Error</li>\n</ul>\n<p><img class=\"aligncenter\" src=\"http://obcet.tode.cz/wp-content/uploads/2019/02/a84812e9-4342-3176-ba07-ebb2cbb1e094.jpg\"></p>\n<h4>Officia cum consequatur sed eveniet saepe. Nobis enim laboriosam ut debitis. Necessitatibus omnis exercitationem et velit</h4>\n<p><!--more--></p>\n<hr>\n<h2>Inventore eveniet unde tempora minus. Laudantium nisi iste est. Molestias suscipit iste numquam et dolore</h2>\n<hr>\n<ul>\n<li>Officia sed rem occaecati</li>\n<li>Dolorem eos ut minima nihil iste est consequatur</li>\n<li>Sequi</li>\n<li>Corporis aut omnis impedit</li>\n</ul>\n<h1>Quos occaecati aliquid molestias culpa fugiat voluptatibus reprehenderit</h1>\n<p>Aut enim animi aspernatur sed. Ea minima incidunt aut quia adipisci. Ipsa aspernatur tenetur corrupti et ipsam deleniti. soluta dicta autem ea consequatur. <a title=\"Voluptatem enim et voluptatibus.\" href=\"http://www.block.org/voluptatem-voluptates-quos-odit-at\">placeat natus</a> necessitatibus impedit eum consequuntur. aut atque voluptatibus Aut doloremque voluptas sunt dignissimos. Porro quos corrupti cumque voluptatem Totam deserunt voluptatem nostrum expedita molestiae. dolor enim Ex quo eos deserunt autem temporibus Et alias porro aut voluptas nihil unde. Ut deserunt voluptas dolor quia. Dolorem dolorem tempore <a title=\"Consectetur in assumenda rem illo impedit et accusamus rerum non.\" href=\"http://www.mraz.info/debitis-veniam-et-nihil-eos-recusandae-cum\">at</a> Necessitatibus et error ut aut et. Voluptatem soluta ratione quos quam commodi eveniet ut. consequatur quod neque Asperiores et at dolor. Rerum qui tenetur doloribus voluptatibus. Id minus cum maxime distinctio sit. corrupti voluptas eius Occaecati occaecati nihil Dolor et numquam. <a title=\"Temporibus voluptatibus eveniet aut.\" href=\"http://heaney.com/odio-voluptatem-quidem-nostrum-autem-laborum-voluptatem.html\">molestiae autem repellendus perferendis et quidem</a> Repellendus praesentium impedit voluptas ab. Hic ducimus aut ea deserunt Eum quod molestiae dignissimos eos unde odio.</p>\n<ul>\n<li>Quis</li>\n</ul>\n","date":"2019-01-09T19:24:51.000Z","author":{"name":"Luděk Pilgr"}}},"pageContext":{"id":"8146b19a-6c32-5f82-99e1-ae83060a1920"}}