{"data":{"wordpressPost":{"title":"Cum recusandae aut fuga minus","content":"<ol>\n<li>Error et hic necessitatibus sed quis</li>\n<li>In ut error eaque debitis quia</li>\n<li>Corrupti et id et accusantium</li>\n<li>Atque dignissimos labore consequatur</li>\n<li>Quis rerum et eius et</li>\n<li>Odio distinctio sint id atque quasi similique iusto</li>\n</ol>\n","date":"2018-05-27T16:53:41.000Z","author":{"name":"Kovář Lukáš"},"acf":null}},"pageContext":{"id":"dda0d2f2-0640-5078-a533-cb032561d9e1"}}