{"app":["/app-a115903b662a7297771d.js"],"component---src-sablony-clanek-js":["/component---src-sablony-clanek-js.c0dd3e558961f75bce5e.css","/component---src-sablony-clanek-js-621a34da35eb16aaff96.js"],"component---src-sablony-blogpaged-js":["/component---src-sablony-blogpaged-js.89d0697b16e9cb53cab6.css","/component---src-sablony-blogpaged-js-b38e187995fb4bff34ce.js"],"component---src-sablony-stranka-js":["/component---src-sablony-stranka-js.c0dd3e558961f75bce5e.css","/component---src-sablony-stranka-js-87a975ecd06a2ffb4c76.js"],"component---src-pages-404-js":["/component---src-pages-404-js.c0dd3e558961f75bce5e.css","/component---src-pages-404-js-fce25dbb3d8e70cf40f9.js"],"pages-manifest":["/pages-manifest-990c1891b4b09849d71e.js"]}