{"errors":[],"warnings":[],"namedChunkGroups":{"app":{"chunks":[7,1],"assets":["webpack-runtime-6e8cab0a9035802dcbfc.js","webpack-runtime-6e8cab0a9035802dcbfc.js.map","app-a115903b662a7297771d.js","app-a115903b662a7297771d.js.map"],"children":{},"childAssets":{}},"component---src-sablony-clanek-js":{"chunks":[0,4],"assets":["0-b38a2eae7c9179878a08.js","0-b38a2eae7c9179878a08.js.map","component---src-sablony-clanek-js.c0dd3e558961f75bce5e.css","component---src-sablony-clanek-js-621a34da35eb16aaff96.js","component---src-sablony-clanek-js-621a34da35eb16aaff96.js.map"],"children":{},"childAssets":{}},"component---src-sablony-blogpaged-js":{"chunks":[0,3],"assets":["0-b38a2eae7c9179878a08.js","0-b38a2eae7c9179878a08.js.map","component---src-sablony-blogpaged-js.89d0697b16e9cb53cab6.css","component---src-sablony-blogpaged-js-b38e187995fb4bff34ce.js","component---src-sablony-blogpaged-js-b38e187995fb4bff34ce.js.map"],"children":{},"childAssets":{}},"component---src-sablony-stranka-js":{"chunks":[0,5],"assets":["0-b38a2eae7c9179878a08.js","0-b38a2eae7c9179878a08.js.map","component---src-sablony-stranka-js.c0dd3e558961f75bce5e.css","component---src-sablony-stranka-js-87a975ecd06a2ffb4c76.js","component---src-sablony-stranka-js-87a975ecd06a2ffb4c76.js.map"],"children":{},"childAssets":{}},"component---src-pages-404-js":{"chunks":[0,2],"assets":["0-b38a2eae7c9179878a08.js","0-b38a2eae7c9179878a08.js.map","component---src-pages-404-js.c0dd3e558961f75bce5e.css","component---src-pages-404-js-fce25dbb3d8e70cf40f9.js","component---src-pages-404-js-fce25dbb3d8e70cf40f9.js.map"],"children":{},"childAssets":{}},"pages-manifest":{"chunks":[6],"assets":["pages-manifest-990c1891b4b09849d71e.js","pages-manifest-990c1891b4b09849d71e.js.map"],"children":{},"childAssets":{}}},"assetsByChunkName":{"app":["webpack-runtime-6e8cab0a9035802dcbfc.js","app-a115903b662a7297771d.js"],"component---src-sablony-clanek-js":["0-b38a2eae7c9179878a08.js","component---src-sablony-clanek-js.c0dd3e558961f75bce5e.css","component---src-sablony-clanek-js-621a34da35eb16aaff96.js"],"component---src-sablony-blogpaged-js":["0-b38a2eae7c9179878a08.js","component---src-sablony-blogpaged-js.89d0697b16e9cb53cab6.css","component---src-sablony-blogpaged-js-b38e187995fb4bff34ce.js"],"component---src-sablony-stranka-js":["0-b38a2eae7c9179878a08.js","component---src-sablony-stranka-js.c0dd3e558961f75bce5e.css","component---src-sablony-stranka-js-87a975ecd06a2ffb4c76.js"],"component---src-pages-404-js":["0-b38a2eae7c9179878a08.js","component---src-pages-404-js.c0dd3e558961f75bce5e.css","component---src-pages-404-js-fce25dbb3d8e70cf40f9.js"],"pages-manifest":["pages-manifest-990c1891b4b09849d71e.js"]}}