{"data":{"wordpressPost":{"title":"Nahledovka??","content":"\n<figure class=\"wp-block-image\"><img src=\"http://obcet.tode.cz/wp-content/uploads/2019/02/image.png\" alt=\"\" class=\"wp-image-75\" srcset=\"http://obcet.tode.cz/wp-content/uploads/2019/02/image.png 225w, http://obcet.tode.cz/wp-content/uploads/2019/02/image-150x150.png 150w\" sizes=\"(max-width: 225px) 100vw, 225px\" /></figure>\n\n\n\n<p>Tenhle prispevek by mel mit nahledovku</p>\n","date":"2019-02-05T12:49:11.000Z","author":{"name":"Kovář Lukáš"}}},"pageContext":{"id":"c80c112a-50b5-52bc-9ba6-380b4c3a32eb"}}