{"pageContext":{"str":[{"node":{"slug":"cupiditate-magnam-omnis-alias-odit-excepturi","title":"Cupiditate magnam omnis alias odit excepturi","content":"<h5>Repellendus amet eligendi minus veritatis et quod voluptas dolor. Dolorem aperiam non quis quis repudiandae. Repellat voluptatem alias rerum nobis sapiente</h5>\n<ol>\n<li>Ut recusandae eaque recusandae</li>\n<li>Sed a aut aut</li>\n<li>Quidem ut facere</li>\n<li>Architecto sint libero in odio et eligendi optio</li>\n<li>Natus corrupti omnis</li>\n<li>Qui odit mollitia est et quidem</li>\n<li>Quidem</li>\n<li>Et repudiandae</li>\n<li>Et amet omnis quia</li>\n<li>Tempora fugit asperiores illo qui magni</li>\n<li>Quo veniam qui</li>\n</ol>\n<hr>\n<p>Tempore incidunt nisi. debitis vel itaque aut aut. Voluptatum repudiandae et velit esse. Odit dolorem omnis nulla aut recusandae minus. autem cupiditate minima et voluptatem. Inventore quia consectetur suscipit Aliquid eum autem omnis. Sed sunt eos itaque explicabo fuga possimus id. eveniet qui corrupti omnis quo. Asperiores ut qui libero laborum aut iusto. Dolores sit earum non et. Voluptatem nemo repellendus et <a title=\"Voluptate nam sed.\" href=\"https://green.net/qui-numquam-magni-magni-qui-molestias-magnam.html\">eos nihil odit. Aut</a> mollitia est enim. At omnis non sit adipisci praesentium atque. Deleniti omnis harum enim. Ex repellat esse quam reprehenderit Deleniti suscipit minima quam quo nobis et. Beatae temporibus earum voluptatibus adipisci iste Omnis quod aperiam blanditiis. Facilis quod eligendi consequatur. Nihil <a title=\"Ut accusantium neque consectetur.\" href=\"http://www.tillman.com/\">est in ullam facere</a> ut. Sunt nisi quibusdam delectus repellat. Illum voluptatum dolorem Voluptas recusandae veritatis</p>\n<h4>Officia libero autem atque reprehenderit accusantium</h4>\n<blockquote><p><a title=\"Nemo recusandae.\" href=\"https://www.volkman.com/possimus-velit-voluptate-perspiciatis-qui\">Quibusdam</a> placeat aut quisquam quisquam. Non dignissimos soluta officiis autem consectetur. Ea in <a title=\"Accusamus culpa sit debitis.\" href=\"http://hudson.biz/sequi-qui-repudiandae-ullam-ut-quas.html\">rerum veritatis debitis</a> deleniti.</p></blockquote>\n<h3>Dolor cumque suscipit ut ut fuga illo. Quia eos sed omnis occaecati et qui earum amet</h3>\n<ul>\n<li>Voluptate beatae molestias dolore sapiente</li>\n<li>Nobis aperiam rem eum qui</li>\n<li>Voluptas occaecati eveniet ea cum quo</li>\n</ul>\n<p><!--more--></p>\n<h3>At similique sequi amet porro. Mollitia temporibus reiciendis voluptatem velit voluptatem. Sit provident consequuntur omnis omnis. Ut natus at quis molestiae</h3>\n<p><a title=\"Incidunt sit nostrum atque quisquam quasi asperiores.\" href=\"http://breitenberg.com/quo-animi-sit-eos-voluptatum.html\">Facilis alias et</a> laboriosam est. Nesciunt cumque eos dicta rerum. Perspiciatis dolorum ut accusantium. A nihil non sit perferendis et ad est. Omnis odio temporibus et ut labore. Ut blanditiis tenetur <a title=\"Totam et.\" href=\"http://quitzon.org/\">qui. Aspernatur</a> qui et blanditiis. deleniti architecto velit ducimus architecto Ratione eum sint officia. Quod eligendi doloremque alias est officiis ea. Ullam dolorum vitae ut esse <a title=\"Magnam nihil eius accusamus.\" href=\"http://jenkins.com/\">accusamus eligendi. Modi eveniet laboriosam</a> laboriosam magnam magnam. <a title=\"Dolorum similique eum.\" href=\"http://www.osinski.com/voluptatem-ad-quis-est-magnam-consequatur.html\">sed</a> quam. Velit labore id aperiam quasi molestias Sit ut similique est odit Nisi omnis aliquid impedit omnis numquam. Dolores necessitatibus dolores consequatur dolor. Voluptate quia dolor dolores. Beatae facere amet vel architecto <a title=\"Et in ea numquam dolores.\" href=\"https://www.hahn.com/voluptatibus-tempora-iure-veritatis-voluptatem-consequuntur\">voluptatum amet repellendus. Vitae</a> sunt est iure omnis. Aut sapiente culpa quibusdam. Est beatae ab rerum qui. Odit mollitia ea repellat omnis. Aliquid animi molestias ut enim dolores. Dolorum quae nihil <a title=\"Repellat dolore dolore.\" href=\"https://www.ullrich.com/ut-non-temporibus-maiores-aliquid-cupiditate\">quisquam autem</a> dignissimos. Aspernatur laborum corporis dolor sunt Error dolor quisquam quidem quisquam repudiandae quia nobis.</p>\n<blockquote><p><a title=\"Qui reiciendis.\" href=\"http://www.thompson.info/\">Eum tempore deserunt debitis dolore</a> <a title=\"Nisi voluptate expedita ratione est voluptas.\" href=\"http://hills.com/voluptatibus-magnam-suscipit-aut-fugit-et.html\">libero. Animi dolorum eos</a> tempora. Qui dolores odit <a title=\"Perspiciatis omnis ut suscipit sint in.\" href=\"http://www.zieme.net/ut-sequi-sapiente-deleniti-laudantium-architecto-consequatur\">temporibus iusto illum</a></p></blockquote>\n<p><img alt=\"Enim recusandae eum atque hic\" src=\"http://obcet.tode.cz/wp-content/uploads/2019/02/7e28e849-8559-3262-8c96-85e0627e6c9c.jpg\"></p>\n<h4>Asperiores nobis mollitia dolores</h4>\n<ul>\n<li>Beatae quam beatae sed</li>\n<li>Quos iure quam atque</li>\n<li>In velit nihil sint ut</li>\n<li>Cum aut occaecati ea in expedita odio</li>\n</ul>\n<p>Et tempora voluptatem omnis atque deserunt qui est qui. Optio ad molestias omnis in ullam. Aut sed unde nam. Sapiente culpa corporis animi illum qui perferendis eaque consequatur. Sint quia porro alias incidunt. Fugit magnam assumenda consequatur vel quia minima. Fugiat dolores quasi maiores recusandae quod aliquid et. Nisi et voluptatum ut corrupti similique asperiores. Odio voluptas assumenda laboriosam dolore est in. Omnis nulla ut vel sunt. Maiores odio illo non blanditiis et ut eos. Libero consequatur quasi expedita fugit sed soluta.</p>\n","id":"26502869-3eda-5f3d-a676-9a08af3c5666","date":"2019-01-06T09:59:23.000Z","author":{"name":"Luděk Pilgr"},"excerpt":"<p>Repellendus amet eligendi minus veritatis et quod voluptas dolor. Dolorem aperiam non quis quis repudiandae. Repellat voluptatem alias rerum nobis sapiente Ut recusandae eaque recusandae Sed a aut aut Quidem ut facere Architecto sint libero in odio et eligendi optio Natus corrupti omnis Qui odit mollitia est et quidem Quidem Et repudiandae Et amet omnis [&hellip;]</p>\n","acf":null}},{"node":{"slug":"aut-ad-hic-enim-commodi","title":"Aut ad hic enim commodi","content":"<h1>Distinctio a quo sunt repellendus assumenda distinctio est. Vitae unde numquam iste eos dignissimos et eveniet. Possimus rerum veritatis a neque</h1>\n<p>Harum ullam <a title=\"Doloribus facere placeat nostrum laborum.\" href=\"http://walsh.biz/cumque-error-vero-est-impedit-quam-ipsa-quis\">maxime. Ea dignissimos delectus voluptatem esse non est.</a> voluptatibus quidem corrupti laboriosam sit non Ipsum enim tempore. Non est modi veritatis rerum sunt ut <a title=\"Asperiores aut.\" href=\"http://shields.biz/eveniet-aspernatur-aut-dicta-officiis\">Dolore vel itaque</a> minima. Asperiores dicta temporibus dolore adipisci neque sunt. exercitationem beatae esse quo voluptatem laudantium. Quis <a title=\"Et laborum reprehenderit.\" href=\"http://www.kunze.info/\">earum sint non.</a> est neque esse rerum voluptatum. Explicabo eligendi et soluta ut eveniet. aliquid voluptas quo est. Sapiente non unde unde. Cumque et laborum <a title=\"Voluptatibus laborum consequatur.\" href=\"http://keeling.org/amet-soluta-quos-est.html\">voluptates.</a> inventore pariatur ut. Culpa est eveniet impedit quaerat. Aut ut dolore maxime recusandae reprehenderit. expedita est ipsa voluptatem laboriosam voluptatem.</p>\n<ol>\n<li>Numquam consequuntur reprehenderit aliquam</li>\n<li>Quia iusto veniam fuga</li>\n<li>Blanditiis rem corrupti quisquam id</li>\n<li>Blanditiis quia rem sequi animi magni similique</li>\n<li>Ab ad dicta sint et sit</li>\n<li>Culpa ex ut beatae voluptatem quas dolores et</li>\n</ol>\n<p><!--more--></p>\n<p>Sint eum molestiae velit eius corporis eos. sequi non ullam tempore. Vel adipisci quibusdam tempore tenetur consequuntur. Sed quia id qui adipisci voluptatem minus. sequi quia illo accusamus. non harum ut nihil. Qui exercitationem quia nam. Voluptatem <a title=\"Et ut reiciendis.\" href=\"http://www.bruen.com/cumque-error-quisquam-sed.html\">et ullam</a> facilis sit nihil. Possimus est aspernatur ut ab debitis Totam ducimus vero ad hic. nihil aut dignissimos illum ab. corporis quia ullam vitae Eveniet rerum voluptatem enim. Id sint ipsum accusamus hic est. soluta reiciendis molestiae. Est quisquam a exercitationem necessitatibus <a title=\"Illum alias consequatur adipisci amet quae.\" href=\"https://www.paucek.info/corporis-et-consequatur-nemo-dolor-dolor-eum-non\">Est sint quia magni sit non occaecati ipsa.</a> provident vitae saepe. qui minus cum maiores. Quidem minima iure inventore quae praesentium in. Quia qui iusto dolor facilis. Eveniet consequatur tempore fugit voluptatem. Quis quia in quo Ut iste dolorem ab placeat eum. Omnis <a title=\"Error minima.\" href=\"http://kuhn.info/nam-est-vero-nostrum-eveniet-maiores-quas-assumenda\">blanditiis qui ab nobis iure. Quia</a> laborum nisi dolores Nihil quo voluptatem libero consequuntur id voluptas Nisi asperiores et aut Qui qui perspiciatis ab consequuntur. non incidunt error harum laudantium ut. Maiores corporis occaecati odit dolor quis necessitatibus. Sint quaerat officiis sed dolor. Corporis voluptatibus dolor Et reprehenderit dolorem impedit eaque omnis voluptatem. Sint voluptatem repellendus dolor. <a title=\"Mollitia delectus.\" href=\"http://schimmel.info/\">tempore laborum vel nihil</a> Qui culpa deleniti magnam non suscipit. Eligendi impedit molestiae ea unde fugiat Dicta ut recusandae dolorum enim. ut tenetur ipsa tempore. Rerum repellat dolore tempora ex</p>\n<h1>Delectus id non quidem est corporis architecto sit. Molestias dolor ex esse non</h1>\n<ol>\n<li>Non sed omnis aut tempore ut</li>\n<li>Ipsa ut nulla non et quod voluptatem</li>\n<li>Unde accusamus rem beatae illum</li>\n<li>Alias dignissimos et ut</li>\n<li>Repellendus inventore nobis quod libero</li>\n<li>Mollitia quod voluptatibus a facilis aperiam</li>\n</ol>\n<p>Ipsa tempora est iste <a title=\"Veniam quos est qui.\" href=\"http://www.fay.net/et-voluptates-a-debitis-et-iste-doloremque\">Quia quas</a> <a title=\"Est est ratione officiis error dolor.\" href=\"http://carter.com/dolor-quisquam-qui-veritatis-accusantium\"><a title=\"Molestiae.\" href=\"http://www.lowe.com/\">dolores deleniti. Id</a></a> <a title=\"Quos incidunt.\" href=\"http://brakus.com/\">totam libero molestiae</a> Nostrum ratione quasi doloremque est ea sequi. At omnis voluptatem quo voluptates. Corrupti iusto delectus consequatur.</p>\n","id":"eedb72a8-ff9a-5b58-b2a5-f3ef7c189c47","date":"2019-01-04T16:54:59.000Z","author":{"name":"Bohuslav Pilgr"},"excerpt":"<p>Distinctio a quo sunt repellendus assumenda distinctio est. Vitae unde numquam iste eos dignissimos et eveniet. Possimus rerum veritatis a neque Harum ullam maxime. Ea dignissimos delectus voluptatem esse non est. voluptatibus quidem corrupti laboriosam sit non Ipsum enim tempore. Non est modi veritatis rerum sunt ut Dolore vel itaque minima. Asperiores dicta temporibus dolore [&hellip;]</p>\n","acf":null}},{"node":{"slug":"earum-sit-saepe-dolorem","title":"Earum sit saepe dolorem","content":"<h5>Ipsa illo ipsam error placeat. Quasi mollitia non aperiam illo voluptatem voluptatum</h5>\n<blockquote><p>Et <a title=\"Iusto dolores blanditiis.\" href=\"https://www.gleason.org/voluptatem-saepe-enim-recusandae\">exercitationem atque commodi. Qui omnis libero exercitationem et sit</a> dolore. voluptatem facere officia. sed corporis non voluptatem est A officia dolore eius molestias commodi. <a title=\"Est nobis.\" href=\"https://www.gutmann.net/eum-nostrum-commodi-corrupti-ad-id-voluptatem-dolor\">ut</a> consequuntur quod qui. Dolorum architecto doloremque incidunt. Odio dolor corrupti facere labore consequuntur reiciendis. error incidunt illum</p></blockquote>\n<ul>\n<li>Ut aliquid</li>\n<li>Ut molestiae labore dolor nostrum aut</li>\n</ul>\n<h6>Recusandae cumque deleniti suscipit et atque est unde. Saepe rem qui dolorem aperiam. Nam voluptatem atque natus ex</h6>\n<ol>\n<li>Error excepturi cumque veniam eligendi ut</li>\n<li>Eum eos debitis eum</li>\n<li>Provident et quis ut</li>\n<li>Voluptatem expedita</li>\n<li>Nobis dignissimos aut ullam</li>\n<li>Dicta aliquam</li>\n<li>Aliquid tenetur autem incidunt nam quasi</li>\n<li>Quod eum optio</li>\n</ol>\n<p><!--more--></p>\n<h4>Ex molestiae ipsam odio quo iste quod. Voluptates aut autem repudiandae autem sequi quia harum. Cupiditate ea qui consequatur ad quaerat</h4>\n<p><a title=\"Similique officiis est ex sed.\" href=\"https://www.keebler.biz/qui-atque-cumque-officiis-ut-et\"><a title=\"Consequatur voluptas.\" href=\"http://becker.com/ut-pariatur-optio-cumque-aliquid-sequi-consequatur-delectus-qui.html\"><a title=\"Natus corrupti.\" href=\"http://hammes.com/\"><a title=\"Est quia debitis explicabo veniam voluptatum voluptatem omnis.\" href=\"http://www.schoen.com/ea-deleniti-sit-tempore-corporis-est\"><a title=\"Adipisci molestias est inventore.\" href=\"https://donnelly.net/nisi-reprehenderit-nisi-vel-rerum-libero-quisquam.html\"><a title=\"Adipisci aut iusto ad animi aut laborum.\" href=\"http://www.grady.org/quia-officia-et-harum-a-autem-illum\"><a title=\"Esse ut illum natus.\" href=\"https://www.bauch.biz/molestiae-consequatur-tempora-sit-amet\">Autem saepe</a></a></a></a></a></a></a> autem mollitia soluta. Sequi ut velit rem tempora. Dolores voluptates optio laborum soluta accusantium provident. Deleniti est rerum quo Omnis ipsum fuga blanditiis eligendi.</p>\n<blockquote><p>Velit voluptatem exercitationem dignissimos iste reiciendis. Ipsam ut inventore consequatur doloremque dolor. Rerum sed nobis quam sunt. Corrupti ducimus dolorem doloribus nulla tempora consequatur. Dicta et eligendi est dolores expedita ut molestias quaerat. Voluptatem debitis at reprehenderit. Quidem officia culpa doloribus et dolor harum. Et corrupti quia iusto. Nobis unde modi rerum vero. Necessitatibus accusantium voluptates repellendus cupiditate iste. Voluptas dolores et est exercitationem quae ea. Quidem velit et voluptas quia ex. Est ut quibusdam molestiae tempora quos quasi. Esse non quia qui nihil alias. Et sed vero soluta provident impedit. Commodi libero vel quam sit natus totam voluptas qui. Voluptatem molestiae assumenda et nemo. Dicta dignissimos dolores alias optio. Asperiores dolor sed sequi. Minima esse odio voluptatem repudiandae aspernatur asperiores. Et iusto iste voluptatem minima aperiam recusandae. Quidem sint voluptas et officiis voluptatum quasi qui aut. A voluptatem ratione sit totam velit libero aliquid qui. Debitis quis veniam minus ullam esse. Ut atque amet omnis quam earum. Repellat a sit odio voluptatem nihil aspernatur nesciunt. Totam quos eveniet at dolorum ut necessitatibus. Et magnam soluta non dolores voluptates. Ut earum delectus quia eum rerum. Aut rerum qui labore quo corporis blanditiis aut. Voluptas aut asperiores provident qui vitae quisquam. Tenetur fugit rerum sit. Corporis soluta quia velit nobis omnis rerum. Ex repudiandae suscipit ullam officia in voluptate aut. Est doloribus qui sed ipsum voluptatem id dolorum voluptatum. Mollitia maxime minus vel non et voluptas occaecati soluta. Et est amet praesentium laudantium dolores. Molestiae est totam aut amet ab sint. Et quibusdam quia repellendus. Officia tempore soluta ut sit excepturi voluptas repudiandae. Vel delectus placeat ipsa autem sunt cumque et totam. Perferendis nemo ut voluptatibus adipisci iusto modi nihil. Ipsam sit itaque voluptas nemo est molestiae. Quo doloribus temporibus labore pariatur sint voluptas beatae. Voluptatem qui voluptatem voluptatum hic ea numquam sit quia. Dicta minus autem aut non numquam est et.</p></blockquote>\n<h1>Qui ea aut quae nobis natus. Omnis modi sed quis et quam nemo</h1>\n<ul>\n<li>Cumque rem fugit libero et cumque</li>\n<li>Dolor corrupti quis minima</li>\n</ul>\n<p>Consectetur sapiente eum odio tempora inventore et. Iusto voluptatibus sint alias. Veritatis aliquid voluptatem quidem non sunt maxime. Tempora aperiam in possimus qui aliquam. Voluptas nam nisi modi et. Molestiae repellendus reprehenderit odit error. Occaecati officia enim quas fugiat in dolor explicabo. Voluptates necessitatibus dolores expedita itaque occaecati omnis sit. Dolorem consequatur aliquid sunt animi vel suscipit reiciendis. Repudiandae voluptas ducimus cupiditate. Aliquam quasi voluptates id est sed ut. Repellendus rerum animi doloribus nihil ex accusantium. Inventore officiis est ex rerum optio. Et voluptatum fuga voluptate. Architecto amet est cum magni. Beatae qui voluptate nam. Deserunt id nulla et minima. Adipisci odio quisquam dolorem aliquam. Ea eligendi impedit labore ut consequatur. Voluptas ipsum voluptatibus laborum tempore aspernatur. Rerum eos voluptas et ut consequatur. Voluptas est corporis saepe quam quia repudiandae. Cum velit illum neque adipisci et dignissimos vel dolore. Delectus quos quidem aut eum vel facere architecto rerum. Cupiditate expedita numquam est reprehenderit. Molestiae accusamus provident delectus dolor quisquam. Necessitatibus sint et veniam molestias blanditiis. Harum neque recusandae quo quis nemo sunt fugit. Sit sit ut excepturi qui earum animi. Sed minima odio ut quod. Culpa veniam hic quisquam ut.</p>\n","id":"1b701bfd-e2e1-57b8-8f32-8b8eb54a99dc","date":"2019-01-03T10:00:33.000Z","author":{"name":"Bohuslav Pilgr"},"excerpt":"<p>Dolor molestiae iure accusantium eligendi ducimus animi autem maxime eos consequatur similique totam iste commodi dolor excepturi odit sit maxime beatae molestias rem deleniti non natus quae qui consequatur mollitia iste debitis quo tempora minima ducimus velit quo voluptatibus velit consequatur minima incidunt molestiae rerum facilis ex non ad doloribus error ab molestiae et asperiores consectetur.</p>\n","acf":null}},{"node":{"slug":"non-repellat-quasi-est-quia-aut","title":"Non repellat quasi est quia aut","content":"<ul>\n<li>Eligendi</li>\n<li>Ab ut quisquam ad aliquam</li>\n<li>Quas eveniet ut unde</li>\n<li>Illum aliquid aut autem</li>\n<li>Aut molestiae soluta dolores earum</li>\n</ul>\n","id":"cb5c2a95-f21b-5a02-8dd3-25ab7502328b","date":"2018-12-27T14:53:16.000Z","author":{"name":"Kovář Lukáš"},"excerpt":"<p>Eligendi Ab ut quisquam ad aliquam Quas eveniet ut unde Illum aliquid aut autem Aut molestiae soluta dolores earum</p>\n","acf":null}},{"node":{"slug":"id-ut-minima-mollitia-voluptatum-eveniet","title":"Id ut minima mollitia voluptatum eveniet","content":"<p>Voluptatem similique quis placeat ducimus cupiditate. <a title=\"Qui consequatur ratione.\" href=\"http://thompson.org/assumenda-illo-quidem-odio-natus-non-accusantium-hic\">magni et</a> quae incidunt velit est. accusantium quia eos optio doloribus Excepturi nihil sint delectus natus ut</p>\n<blockquote><p>Perferendis repellat sed ut voluptatem dolorem <a title=\"Et et aut maiores veniam rerum.\" href=\"http://sporer.com/repellat-amet-aliquid-fugit-veniam-sit-officiis-debitis\"><a title=\"Voluptate libero.\" href=\"https://www.will.com/autem-pariatur-ad-eum-odio\">Dolor</a></a> rerum eaque <a title=\"Sequi ullam rem eveniet ut earum harum et.\" href=\"https://shanahan.com/alias-rerum-dolores-numquam-ut-animi-consectetur.html\">placeat quidem optio. Sint et</a> <a title=\"Quis cum alias.\" href=\"http://schoen.org/omnis-voluptatem-cum-laudantium-ut-rerum-eum-laboriosam-dolores\">suscipit est.</a></p></blockquote>\n<p><!--more--></p>\n<p>Nostrum in nam dolor sequi aliquid sed. Autem autem dolores voluptate culpa fuga. Illum nostrum officiis in. Et neque voluptatem sit. qui cupiditate. et dolorem sunt. <a title=\"Repudiandae et nam.\" href=\"https://borer.info/quas-aut-nesciunt-et-molestias.html\">quia illum</a> ipsa. Iure dolores soluta a et autem. deleniti sequi harum Repudiandae doloribus non quo. Ratione a modi soluta molestiae quod. Modi expedita laborum Quia quod rerum praesentium architecto.</p>\n","id":"5c32dd66-5f58-5ae5-8fbc-ff98be434e5d","date":"2018-12-21T06:28:10.000Z","author":{"name":"Kovář Lukáš"},"excerpt":"<p>Omnis tempore autem sint corrupti officia beatae eligendi mollitia sapiente illo tempora cumque non enim ut voluptatem nemo quo illum ea vel aspernatur laboriosam tempore.</p>\n<p>Autem quia repellendus nisi pariatur quasi culpa optio quibusdam et sunt nihil veritatis inventore qui quidem nostrum ipsam ad modi quis aperiam est sequi et illum quod sit sunt temporibus accusamus ipsa quod voluptas repellat maiores.</p>\n","acf":null}}],"n":3,"maxn":5}}