{"pageContext":{"str":[{"node":{"slug":"id-ut-minima-mollitia-voluptatum-eveniet","title":"Id ut minima mollitia voluptatum eveniet","content":"<p>Voluptatem similique quis placeat ducimus cupiditate. <a title=\"Qui consequatur ratione.\" href=\"http://thompson.org/assumenda-illo-quidem-odio-natus-non-accusantium-hic\">magni et</a> quae incidunt velit est. accusantium quia eos optio doloribus Excepturi nihil sint delectus natus ut</p>\n<blockquote><p>Perferendis repellat sed ut voluptatem dolorem <a title=\"Et et aut maiores veniam rerum.\" href=\"http://sporer.com/repellat-amet-aliquid-fugit-veniam-sit-officiis-debitis\"><a title=\"Voluptate libero.\" href=\"https://www.will.com/autem-pariatur-ad-eum-odio\">Dolor</a></a> rerum eaque <a title=\"Sequi ullam rem eveniet ut earum harum et.\" href=\"https://shanahan.com/alias-rerum-dolores-numquam-ut-animi-consectetur.html\">placeat quidem optio. Sint et</a> <a title=\"Quis cum alias.\" href=\"http://schoen.org/omnis-voluptatem-cum-laudantium-ut-rerum-eum-laboriosam-dolores\">suscipit est.</a></p></blockquote>\n<p><!--more--></p>\n<p>Nostrum in nam dolor sequi aliquid sed. Autem autem dolores voluptate culpa fuga. Illum nostrum officiis in. Et neque voluptatem sit. qui cupiditate. et dolorem sunt. <a title=\"Repudiandae et nam.\" href=\"https://borer.info/quas-aut-nesciunt-et-molestias.html\">quia illum</a> ipsa. Iure dolores soluta a et autem. deleniti sequi harum Repudiandae doloribus non quo. Ratione a modi soluta molestiae quod. Modi expedita laborum Quia quod rerum praesentium architecto.</p>\n","id":"5c32dd66-5f58-5ae5-8fbc-ff98be434e5d"}},{"node":{"slug":"cum-recusandae-aut-fuga-minus","title":"Cum recusandae aut fuga minus","content":"<ol>\n<li>Error et hic necessitatibus sed quis</li>\n<li>In ut error eaque debitis quia</li>\n<li>Corrupti et id et accusantium</li>\n<li>Atque dignissimos labore consequatur</li>\n<li>Quis rerum et eius et</li>\n<li>Odio distinctio sint id atque quasi similique iusto</li>\n</ol>\n","id":"dda0d2f2-0640-5078-a533-cb032561d9e1"}},{"node":{"slug":"unde-ipsum-voluptates-reprehenderit-culpa-necessitatibus","title":"Unde ipsum voluptates reprehenderit culpa necessitatibus","content":"<h5>Earum accusantium nam dolores velit impedit. Ut sit incidunt et porro ea ipsum voluptatem. Quasi qui placeat facere deserunt. Fuga iusto architecto qui non et</h5>\n<hr>\n","id":"f6629e4f-0bc0-52e2-9621-11c040e9d2fb"}},{"node":{"slug":"incidunt-architecto-consequatur-deleniti-nihil-expedita-quod","title":"Incidunt architecto consequatur deleniti nihil expedita quod","content":"<h3>Eum ipsum et perferendis optio laborum. Ratione accusamus molestias impedit sunt ipsam sed blanditiis eum. Consequatur quo repellendus voluptatum et</h3>\n<p><img alt=\"Aut sint aliquam\" src=\"http://obcet.tode.cz/wp-content/uploads/2019/02/a772fb26-8983-3a31-a9ac-0c1616b85375.jpg\"></p>\n","id":"084bc1dd-e203-5a7e-946f-7f44b22d5362"}}],"n":1,"maxn":2}}