{"pageContext":{"str":[{"node":{"slug":"unde-ipsum-voluptates-reprehenderit-culpa-necessitatibus","title":"Unde ipsum voluptates reprehenderit culpa necessitatibus","content":"<h5>Earum accusantium nam dolores velit impedit. Ut sit incidunt et porro ea ipsum voluptatem. Quasi qui placeat facere deserunt. Fuga iusto architecto qui non et</h5>\n<hr>\n","id":"f6629e4f-0bc0-52e2-9621-11c040e9d2fb","date":"2018-04-26T13:49:32.000Z","author":{"name":"Kovář Lukáš"},"excerpt":"<p>Earum accusantium nam dolores velit impedit. Ut sit incidunt et porro ea ipsum voluptatem. Quasi qui placeat facere deserunt. Fuga iusto architecto qui non et</p>\n","acf":null}},{"node":{"slug":"incidunt-architecto-consequatur-deleniti-nihil-expedita-quod","title":"Incidunt architecto consequatur deleniti nihil expedita quod","content":"<h3>Eum ipsum et perferendis optio laborum. Ratione accusamus molestias impedit sunt ipsam sed blanditiis eum. Consequatur quo repellendus voluptatum et</h3>\n<p><img alt=\"Aut sint aliquam\" src=\"http://obcet.tode.cz/wp-content/uploads/2019/02/a772fb26-8983-3a31-a9ac-0c1616b85375.jpg\"></p>\n","id":"084bc1dd-e203-5a7e-946f-7f44b22d5362","date":"2018-03-30T12:13:52.000Z","author":{"name":"Kovář Lukáš"},"excerpt":"<p>Eum ipsum et perferendis optio laborum. Ratione accusamus molestias impedit sunt ipsam sed blanditiis eum. Consequatur quo repellendus voluptatum et</p>\n","acf":null}}],"n":4,"maxn":5}}