{"pageContext":{"str":[{"node":{"slug":"vitej-ja-jsem-luda","title":"vitej ja jsem luda","content":"\n<p> <br>bla bla bal  <br>bla bla bal  <br>bla bla bal  <br>bla bla bal  <br>bla bla bal  <br>bla bla bal  <br>bla bla bal  <br>bla bla bal  <br>bla bla bal  <br>bla bla bal  <br>bla bla bal  <br>bla bla bal  <br>bla bla bal  <br>bla bla bal  <br>bla bla bal  <br>bla bla bal  <br>bla bla bal  <br>bla bla bal  <br>bla bla bal  <br>bla bla bal  <br>bla bla bal  <br>bla bla bal  <br>bla bla bal  <br>bla bla bal  <br>bla bla bal  <br>bla bla bal  <br>bla bla bal  <br>bla bla bal  <br>bla bla bal  <br>bla bla bal  <br>bla bla bal  <br>bla bla bal  <br>bla bla bal  <br>bla bla bal  <br>bla bla bal  <br>bla bla bal  <br>bla bla bal  <br>bla bla bal  <br>bla bla bal </p>\n\n\n\n<p><div><strong><a href=\"http://seznam.cz\">XDD</a></strong></div></p>\n","id":"7bdbc3af-5782-5589-9bb9-778ac80482df","excerpt":"<p>bla bla bal bla bla bal bla bla bal bla bla bal bla bla bal bla bla bal bla bla bal bla bla bal bla bla bal bla bla bal bla bla bal bla bla bal bla bla bal bla bla bal bla bla bal bla bla bal bla bla bal bla bla bal bla [&hellip;]</p>\n","acf":{"plnezob":false}}},{"node":{"slug":"128","title":"","content":"\n<p>novej nevim co ahaaaa</p>\n","id":"5c6fd631-22f1-5d88-9ecc-6aee15499de7","excerpt":"<p>novej nevim co ahaaaa</p>\n","acf":{"plnezob":null}}},{"node":{"slug":"nahledovka","title":"Nahledovka??","content":"\n<figure class=\"wp-block-image\"><img src=\"http://obcet.tode.cz/wp-content/uploads/2019/02/image.png\" alt=\"\" class=\"wp-image-75\" srcset=\"http://obcet.tode.cz/wp-content/uploads/2019/02/image.png 225w, http://obcet.tode.cz/wp-content/uploads/2019/02/image-150x150.png 150w\" sizes=\"(max-width: 225px) 100vw, 225px\" /></figure>\n\n\n\n<p>Tenhle prispevek by mel mit nahledovku</p>\n","id":"c80c112a-50b5-52bc-9ba6-380b4c3a32eb","excerpt":"<p>Tenhle prispevek by mel mit nahledovku</p>\n","acf":{"plnezob":true}}},{"node":{"slug":"pojedeme-na-pekne-prazdniny","title":"Pojedeme na Pěkné prázdniny","content":"\n<p>25. ročník Pěkných prázdnin s OB v Českém ráji je minulostí. Věříme, že se Vám u nás líbilo, užili jste si náročné, ale nádherné skalnaté terény a odnesli spousty zážitků. Vítězství v hlavních kategoriích si letos odnášejí možná trochu překvapivě, ale naprosto zaslouženě pardubická Zuzana Hermanová a německý reprezentant běhající za pořádající oddíl Moritz Döllgast. Gratulujeme ale nejen vítězům, ale i všem, kteří dokončili všechny tři etapy letošních PP.</p>\n\n\n\n<p>Příští ročník PP se uskuteční v tradičním termínu 26. &#8211; 27.8.2017 v oblasti Skaláčku a Hruboskalska. Budeme rádi, pokud se opět zúčastníte!</p>\n\n\n\n<p>A pro připomenutí skvělých zážitků z ročníku letošního přidáváme k nahlédnutí krátké video z průběhu první a druhé etapy letošních PP.</p>\n","id":"9a840faf-12ad-5413-ba11-192429e320ee","excerpt":"<p>25. ročník Pěkných prázdnin s OB v Českém ráji je minulostí. Věříme, že se Vám u nás líbilo, užili jste si náročné, ale nádherné skalnaté terény a odnesli spousty zážitků. Vítězství v hlavních kategoriích si letos odnášejí možná trochu překvapivě, ale naprosto zaslouženě pardubická Zuzana Hermanová a německý reprezentant běhající za pořádající oddíl Moritz Döllgast. [&hellip;]</p>\n","acf":{"plnezob":false}}},{"node":{"slug":"testovaci-prispevek","title":"Testovací příspěvek","content":"\n<p>Tady je nějakej text</p>\n\n\n\n<figure class=\"wp-block-image\"><img alt=\"\"/></figure>\n","id":"84042304-c9fc-575a-b57e-96be2eb2edae","excerpt":"<p>Tady je nějakej text</p>\n","acf":null}}],"n":0,"maxn":5}}