{"data":{"wordpressPost":{"title":"Vel eius illo voluptates quos","content":"<h1>Sed iste eos perspiciatis fugit quae. Facere non voluptas voluptatem</h1>\n<hr>\n<h2>Delectus sed cumque et. Natus et consequatur quia veritatis</h2>\n<ul>\n<li>Veritatis esse</li>\n<li>Sapiente neque ullam est. Doloribus placeat sint porro qui</li>\n</ul>\n<blockquote><p>Omnis at in asperiores illum. Deleniti voluptatum vitae accusantium sit qui earum consectetur. Aut iste consequuntur ut est quisquam nobis doloremque. Cupiditate qui porro aperiam quo doloribus. Inventore quos quasi qui laboriosam. Qui perferendis dolor tempore dolores illo animi et libero. Est repudiandae et deleniti assumenda tempora. Praesentium voluptatem illo voluptas sed. Officiis quidem voluptas enim consequatur earum architecto. Ipsum eum voluptas ut debitis quae. Quis distinctio minima eius necessitatibus aut. Quo laborum repellendus excepturi qui autem magni molestiae natus. Qui nostrum vel nostrum dolores. Ex rerum earum aperiam amet et expedita.</p></blockquote>\n","date":"2019-01-08T05:13:20.000Z","author":{"name":"Luděk Pilgr"}}},"pageContext":{"id":"90fdaaa6-2298-5c27-b9c5-abaa1a96766e"}}