{"pageContext":{"str":[{"node":{"slug":"nahledovka","title":"Nahledovka??","content":"\n<p>Tenhle prispevek by mel mit nahledovku</p>\n","id":"c80c112a-50b5-52bc-9ba6-380b4c3a32eb","excerpt":"<p>Tenhle prispevek by mel mit nahledovku</p>\n"}},{"node":{"slug":"pojedeme-na-pekne-prazdniny","title":"Pojedeme na Pěkné prázdniny","content":"\n<p>25. ročník Pěkných prázdnin s OB v Českém ráji je minulostí. Věříme, že se Vám u nás líbilo, užili jste si náročné, ale nádherné skalnaté terény a odnesli spousty zážitků. Vítězství v hlavních kategoriích si letos odnášejí možná trochu překvapivě, ale naprosto zaslouženě pardubická Zuzana Hermanová a německý reprezentant běhající za pořádající oddíl Moritz Döllgast. Gratulujeme ale nejen vítězům, ale i všem, kteří dokončili všechny tři etapy letošních PP.</p>\n\n\n\n<p>Příští ročník PP se uskuteční v tradičním termínu 26. &#8211; 27.8.2017 v oblasti Skaláčku a Hruboskalska. Budeme rádi, pokud se opět zúčastníte!</p>\n\n\n\n<p>A pro připomenutí skvělých zážitků z ročníku letošního přidáváme k nahlédnutí krátké video z průběhu první a druhé etapy letošních PP.</p>\n","id":"9a840faf-12ad-5413-ba11-192429e320ee","excerpt":"<p>25. ročník Pěkných prázdnin s OB v Českém ráji je minulostí. Věříme, že se Vám u nás líbilo, užili jste si náročné, ale nádherné skalnaté terény a odnesli spousty zážitků. Vítězství v hlavních kategoriích si letos odnášejí možná trochu překvapivě, ale naprosto zaslouženě pardubická Zuzana Hermanová a německý reprezentant běhající za pořádající oddíl Moritz Döllgast. [&hellip;]</p>\n"}},{"node":{"slug":"testovaci-prispevek","title":"Testovací příspěvek","content":"\n<p>Tady je nějakej text</p>\n\n\n\n<figure class=\"wp-block-image\"><img alt=\"\"/></figure>\n","id":"84042304-c9fc-575a-b57e-96be2eb2edae","excerpt":"<p>Tady je nějakej text</p>\n"}},{"node":{"slug":"beh-na-andrluv-chlum-a-zhl-v-pardubicich","title":"Běh na Andrlův chlum a ZHL v Pardubicích","content":"\n<p>V sobotu 5. ledna se na „domácí ústecké půdě“ běžel tradiční závod v běhu do vrchu na Andrlův chlum.&nbsp;Letošního 46. ročníku se zúčastnilo 97 běžců v jedenácti kategoriích. Podmínky tentokrát příliš nepřály, po sněhových přívalech předchozích dnů byla prošlapána úzká cesta a dost to prokluzovalo. A jak si na trati o délce 2,5 km s převýšením 209 metrů vedli zástupci našeho klubu? V kategorii žákyň obsadila první místo&nbsp;<strong>Terka</strong>, mezi juniorkami byla&nbsp;<strong>Lucka</strong>&nbsp;pátá, v hlavní ženské kategorii doběhla na druhém místě&nbsp;<strong>Anežka</strong>&nbsp;a čtvrtá byla&nbsp;<strong>Květa</strong>&nbsp;v kategorii Ženy C. Mezi juniory obsadil sedmé místo&nbsp;<strong>Jonáš</strong>, na stejném místě doběhl i&nbsp;<strong>Kamil</strong>&nbsp;v hlavní mužské kategorii a v kategorii Muži C skončil&nbsp;<strong>Tomáš</strong>&nbsp;čtvrtý. Kompletní výsledková listina je&nbsp;<a href=\"https://www.ustinadorlici.cz/images/2019/46-beh_andrluv_chlum-2019.pdf\">zde</a>. A ještě reportáž včetně několika fotografií na stránkách&nbsp;<a href=\"https://www.ustinadorlici.cz/cs/udalosti/4636-46-rocnik-behu-na-andrluv-chlum?prehled=0\">Města Ústí nad Orlicí</a>.</p>\n\n\n\n<p>O den později, v neděli 6. ledna, se sedmička KUO běžců vydala do Pardubic, kde se konalo 4. kolo Zimní hradubické ligy (ZHL), nazvané Městský delší sprint. Centrem závodu byla tělocvična Gymnázia Dašická, běhalo se v centru města, závodníci probíhali městským parkem, vilovou čtvrtí, vnitrobloky panelových a činžovních domů i sportovními areály. Po sněhu nebylo ani památky, teplota lehce nad nulou, to vše za účasti 250 závodníků. Zastoupení jsme měli v několika kategoriích a vedli jsme si takto. Kategorie D (2,9 km; 15 kontrol) – 2.&nbsp;<strong>Terka</strong>, 31.&nbsp;<strong>Hanka</strong>. Kategorie DE (3,8 km; 20 kontrol) – 7.&nbsp;<strong>Lucka</strong>, 12.&nbsp;<strong>Iva</strong>. Kategorie H (3,1 km; 15 kontrol) – 19.&nbsp;<strong>Radim</strong>. Kategorie HE (4,6 km; 24 kontrol) – 16.&nbsp;<strong>Kamil&nbsp;</strong>a 24.&nbsp;<strong>Tomáš</strong>. Výsledky jsou&nbsp;<a href=\"https://oris.orientacnisporty.cz/Vysledky?id=4886\">zde</a>. A pro zajímavost i náhled tratí kategorie&nbsp;<a href=\"http://lpu.cz/zhl19/ruzne/zhl19_de.pdf\">DE</a>&nbsp;a&nbsp;<a href=\"http://lpu.cz/zhl19/ruzne/zhl19_he.pdf\">HE</a>. A ještě&nbsp;<a href=\"http://lpu.cz/archiv/zhl/zhl19.txt\">průběžné výsledky ZHL</a>&nbsp;po čtyřech kolech.</p>\n","id":"b29b6cd1-22d7-519d-a039-52ef75ecd116","excerpt":"<p>V sobotu 5. ledna se na „domácí ústecké půdě“ běžel tradiční závod v běhu do vrchu na Andrlův chlum.&nbsp;Letošního 46. ročníku se zúčastnilo 97 běžců v jedenácti kategoriích. Podmínky tentokrát příliš nepřály, po sněhových přívalech předchozích dnů byla prošlapána úzká cesta a dost to prokluzovalo. A jak si na trati o délce 2,5 km s [&hellip;]</p>\n"}},{"node":{"slug":"hello-world","title":"Hello world!","content":"\n<p>Welcome to WordPress. This is your first post. Edit or delete it, then start writing!</p>\n","id":"2347739f-f4fa-5d13-8eac-4a0059e4ff82","excerpt":"<p>Welcome to WordPress. This is your first post. Edit or delete it, then start writing!</p>\n"}}],"n":0,"maxn":2}}