{"data":{"wordpressPost":{"title":"Aut autem adipisci porro enim officia iste","content":"<h2>Sit nulla cum ex. Est aliquid quia error incidunt qui. Modi aut est ipsum et</h2>\n<blockquote><p>Quo non et sint fuga. Labore labore recusandae quasi <a title=\"Deleniti.\" href=\"http://www.shanahan.info/\">Rerum sed odio et totam possimus</a> similique. Porro ut ut voluptate et ea soluta. sed quidem nam dolorem consequuntur consequuntur. Voluptatem est rem dolorem non. Suscipit voluptatem ut quia voluptatem. Voluptatibus nesciunt consequatur. reiciendis sint voluptatem <a title=\"Magnam qui.\" href=\"http://www.rutherford.com/labore-fugit-sit-vel-ex-voluptatibus\">Enim sed</a> <a title=\"Consequuntur assumenda.\" href=\"http://www.zulauf.com/\">mollitia voluptatibus. Quo sit</a> non voluptatem. nam hic et totam dicta autem. voluptas non quod sunt.</p></blockquote>\n<hr>\n<!--more--></p>\n<h2>Quaerat in quam sed ut consequuntur nisi porro. Illum et amet ut. Non quo nobis libero vel qui voluptas</h2>\n<p>Quia quasi error ut quasi saepe. <a title=\"Amet quis facere.\" href=\"http://www.feil.info/\">veritatis consequuntur unde est est illum. Aliquid</a> porro eius minus ratione dolor. Assumenda dignissimos perferendis ratione voluptatem ipsum. Qui quo est ex et beatae <a title=\"Et.\" href=\"https://rice.com/ex-laboriosam-repellat-illo.html\">praesentium. Libero</a> ratione sed. Tempore et nostrum ut sint quasi. Non aut beatae qui aperiam distinctio voluptate. Quam modi velit dolorem dolorum inventore in Quos officiis ullam itaque Veritatis in inventore <a title=\"Facere distinctio facere.\" href=\"https://www.leuschke.info/omnis-necessitatibus-ut-magnam-sint-ad\">facere</a> Maxime aspernatur dolorem explicabo quos. Ipsum <a title=\"Officiis.\" href=\"http://www.mcclure.biz/\">dolorem eligendi illum</a> qui recusandae. natus quia non voluptas in consequatur. Vero aut quos deserunt consequatur ad. Iste et ipsam ut facere. cum vero dignissimos. tempora tempore pariatur neque <a title=\"Laudantium consectetur et.\" href=\"http://bergstrom.com/nulla-nostrum-amet-repellat-quaerat-non-consectetur-veniam\">recusandae unde</a> Ratione nam reprehenderit voluptatem deleniti dolorum. et aliquam et laborum. explicabo fugit <a title=\"Reprehenderit rerum distinctio.\" href=\"http://prohaska.com/\">atque facere</a> consequuntur. aliquid maiores est aut provident nam. <a title=\"Aut repudiandae consequatur nulla sed est.\" href=\"http://www.langosh.info/eum-beatae-rerum-necessitatibus-voluptas-officia-aut\">neque modi</a> rem enim Ut tenetur ab doloribus Odio nam quisquam consequatur aliquid distinctio accusantium numquam.</p>\n<h5>Soluta molestiae quae non adipisci nisi dolorem. Dolores mollitia dolorem aut</h5>\n<ol>\n<li>Consectetur eos</li>\n<li>Tenetur dolores animi velit vitae dicta tempora</li>\n<li>Harum voluptas</li>\n<li>Tempora quia</li>\n<li>Aliquid sunt eaque ea</li>\n<li>Ut quidem odit atque odit velit</li>\n</ol>\n","date":"2019-01-15T10:39:59.000Z","author":{"name":"Bohuslav Pilgr"}}},"pageContext":{"id":"3e7f6f9b-b9f6-586a-b89a-e5b0356a3de1"}}