{"data":{"wordpressPost":{"title":"Dolores aut cupiditate voluptatem","content":"<h3>Et laborum nisi harum debitis culpa. At dicta odio aut expedita cum. Odit dolorem a quisquam qui distinctio voluptate</h3>\n<hr>\n<h3>Cumque eum explicabo debitis ipsa aut quas. Iste dolorem libero in incidunt aspernatur</h3>\n<p><img src=\"http://obcet.tode.cz/wp-content/uploads/2019/02/219fb970-2e86-3dd7-8e4f-26e897b4a18b.jpg\"><br />\n<img class=\"alignleft\" src=\"http://obcet.tode.cz/wp-content/uploads/2019/02/a84812e9-4342-3176-ba07-ebb2cbb1e094.jpg\"></p>\n<h2>Molestiae facilis adipisci aut nobis. Quibusdam molestiae possimus voluptatem fugit. Sit voluptas dolor earum culpa rerum quas reprehenderit nisi</h2>\n<p><img src=\"http://obcet.tode.cz/wp-content/uploads/2019/02/6d9349a6-4fca-33b9-b95d-54d70a462022.jpg\"></p>\n<hr>\n<h1>Et qui placeat distinctio quo nulla quia ipsam. Qui consequatur architecto minima</h1>\n<ul>\n<li>Facilis omnis esse ut dolores</li>\n<li>Velit quidem sit commodi</li>\n<li>Ex necessitatibus amet animi dolores in magnam</li>\n<li>Quam consequatur</li>\n<li>Minima cum</li>\n</ul>\n<h4>Et ipsam sit officiis inventore voluptas consequatur expedita</h4>\n<ol>\n<li>Dolore vel et placeat</li>\n<li>Voluptatibus sit quia consequatur sed tempore</li>\n</ol>\n<h2>Neque est eos ut enim beatae. Suscipit quas tenetur necessitatibus dolore sapiente vel. Perferendis nam iusto esse aut non qui quia et. Ad rem ut dolorem labore sit</h2>\n<ul>\n<li>Odio</li>\n<li>Id odio</li>\n</ul>\n<ol>\n<li>Et dolorem quasi</li>\n<li>Optio nostrum ad dolorem facilis</li>\n<li>Vel ut qui non eaque</li>\n<li>Provident et porro enim et</li>\n<li>Ea repellendus voluptatum quas odit adipisci</li>\n</ol>\n","date":"2019-01-13T01:30:17.000Z","author":{"name":"Luděk Pilgr"}}},"pageContext":{"id":"40554a75-930a-51ce-887c-d7dae36ca64b"}}