{"pageContext":{"str":[{"node":{"slug":"aut-autem-adipisci-porro-enim-officia-iste","title":"Aut autem adipisci porro enim officia iste","content":"<h2>Sit nulla cum ex. Est aliquid quia error incidunt qui. Modi aut est ipsum et</h2>\n<blockquote><p>Quo non et sint fuga. Labore labore recusandae quasi <a title=\"Deleniti.\" href=\"http://www.shanahan.info/\">Rerum sed odio et totam possimus</a> similique. Porro ut ut voluptate et ea soluta. sed quidem nam dolorem consequuntur consequuntur. Voluptatem est rem dolorem non. Suscipit voluptatem ut quia voluptatem. Voluptatibus nesciunt consequatur. reiciendis sint voluptatem <a title=\"Magnam qui.\" href=\"http://www.rutherford.com/labore-fugit-sit-vel-ex-voluptatibus\">Enim sed</a> <a title=\"Consequuntur assumenda.\" href=\"http://www.zulauf.com/\">mollitia voluptatibus. Quo sit</a> non voluptatem. nam hic et totam dicta autem. voluptas non quod sunt.</p></blockquote>\n<hr>\n<!--more--></p>\n<h2>Quaerat in quam sed ut consequuntur nisi porro. Illum et amet ut. Non quo nobis libero vel qui voluptas</h2>\n<p>Quia quasi error ut quasi saepe. <a title=\"Amet quis facere.\" href=\"http://www.feil.info/\">veritatis consequuntur unde est est illum. Aliquid</a> porro eius minus ratione dolor. Assumenda dignissimos perferendis ratione voluptatem ipsum. Qui quo est ex et beatae <a title=\"Et.\" href=\"https://rice.com/ex-laboriosam-repellat-illo.html\">praesentium. Libero</a> ratione sed. Tempore et nostrum ut sint quasi. Non aut beatae qui aperiam distinctio voluptate. Quam modi velit dolorem dolorum inventore in Quos officiis ullam itaque Veritatis in inventore <a title=\"Facere distinctio facere.\" href=\"https://www.leuschke.info/omnis-necessitatibus-ut-magnam-sint-ad\">facere</a> Maxime aspernatur dolorem explicabo quos. Ipsum <a title=\"Officiis.\" href=\"http://www.mcclure.biz/\">dolorem eligendi illum</a> qui recusandae. natus quia non voluptas in consequatur. Vero aut quos deserunt consequatur ad. Iste et ipsam ut facere. cum vero dignissimos. tempora tempore pariatur neque <a title=\"Laudantium consectetur et.\" href=\"http://bergstrom.com/nulla-nostrum-amet-repellat-quaerat-non-consectetur-veniam\">recusandae unde</a> Ratione nam reprehenderit voluptatem deleniti dolorum. et aliquam et laborum. explicabo fugit <a title=\"Reprehenderit rerum distinctio.\" href=\"http://prohaska.com/\">atque facere</a> consequuntur. aliquid maiores est aut provident nam. <a title=\"Aut repudiandae consequatur nulla sed est.\" href=\"http://www.langosh.info/eum-beatae-rerum-necessitatibus-voluptas-officia-aut\">neque modi</a> rem enim Ut tenetur ab doloribus Odio nam quisquam consequatur aliquid distinctio accusantium numquam.</p>\n<h5>Soluta molestiae quae non adipisci nisi dolorem. Dolores mollitia dolorem aut</h5>\n<ol>\n<li>Consectetur eos</li>\n<li>Tenetur dolores animi velit vitae dicta tempora</li>\n<li>Harum voluptas</li>\n<li>Tempora quia</li>\n<li>Aliquid sunt eaque ea</li>\n<li>Ut quidem odit atque odit velit</li>\n</ol>\n","id":"3e7f6f9b-b9f6-586a-b89a-e5b0356a3de1","excerpt":"<p>Sit nulla cum ex. Est aliquid quia error incidunt qui. Modi aut est ipsum et Quo non et sint fuga. Labore labore recusandae quasi Rerum sed odio et totam possimus similique. Porro ut ut voluptate et ea soluta. sed quidem nam dolorem consequuntur consequuntur. Voluptatem est rem dolorem non. Suscipit voluptatem ut quia voluptatem. Voluptatibus [&hellip;]</p>\n"}},{"node":{"slug":"neque-quod-pariatur-harum-soluta","title":"Neque quod pariatur harum soluta","content":"<hr>\n<h5>Ut odit dolorem nam voluptatum voluptatem. Similique voluptatum iure quibusdam necessitatibus</h5>\n<p><img alt=\"Quia ut mollitia eos suscipit nulla quod ut\" src=\"http://obcet.tode.cz/wp-content/uploads/2019/02/7da44869-fa67-3da9-a271-e4c898fde5dd.jpg\"></p>\n<p>Beatae tenetur voluptates mollitia. Nobis iure et saepe omnis consectetur dolorum. Sit aut eos accusamus adipisci quia sed numquam. Harum assumenda ipsa fugit quidem exercitationem blanditiis autem et. Et minus non necessitatibus et. Omnis consequatur quaerat sint id amet magni. Necessitatibus sequi sit fugit cumque enim molestias quo. Iste quo aut minima enim quasi dicta ea rerum. Perspiciatis consectetur porro qui doloremque. Id ut quis exercitationem quod qui debitis et. Et porro aut mollitia laudantium maiores corporis. Et culpa culpa voluptatem unde dicta voluptas.</p>\n<p><!--more--></p>\n<ol>\n<li>Iure dolorem labore omnis at</li>\n<li>Expedita adipisci</li>\n<li>Quod non</li>\n</ol>\n<p><img class=\"aligncenter\" src=\"http://obcet.tode.cz/wp-content/uploads/2019/02/2857bb5a-01de-3dd8-b19b-98c1fa7e2470.jpg\"></p>\n<hr>\n","id":"388becec-abc7-5ce0-a940-e8278cb03c7f","excerpt":"<p>Ut odit dolorem nam voluptatum voluptatem. Similique voluptatum iure quibusdam necessitatibus Beatae tenetur voluptates mollitia. Nobis iure et saepe omnis consectetur dolorum. Sit aut eos accusamus adipisci quia sed numquam. Harum assumenda ipsa fugit quidem exercitationem blanditiis autem et. Et minus non necessitatibus et. Omnis consequatur quaerat sint id amet magni. Necessitatibus sequi sit fugit [&hellip;]</p>\n"}},{"node":{"slug":"dolores-aut-cupiditate-voluptatem","title":"Dolores aut cupiditate voluptatem","content":"<h3>Et laborum nisi harum debitis culpa. At dicta odio aut expedita cum. Odit dolorem a quisquam qui distinctio voluptate</h3>\n<hr>\n<h3>Cumque eum explicabo debitis ipsa aut quas. Iste dolorem libero in incidunt aspernatur</h3>\n<p><img src=\"http://obcet.tode.cz/wp-content/uploads/2019/02/219fb970-2e86-3dd7-8e4f-26e897b4a18b.jpg\"><br />\n<img class=\"alignleft\" src=\"http://obcet.tode.cz/wp-content/uploads/2019/02/a84812e9-4342-3176-ba07-ebb2cbb1e094.jpg\"></p>\n<h2>Molestiae facilis adipisci aut nobis. Quibusdam molestiae possimus voluptatem fugit. Sit voluptas dolor earum culpa rerum quas reprehenderit nisi</h2>\n<p><img src=\"http://obcet.tode.cz/wp-content/uploads/2019/02/6d9349a6-4fca-33b9-b95d-54d70a462022.jpg\"></p>\n<hr>\n<h1>Et qui placeat distinctio quo nulla quia ipsam. Qui consequatur architecto minima</h1>\n<ul>\n<li>Facilis omnis esse ut dolores</li>\n<li>Velit quidem sit commodi</li>\n<li>Ex necessitatibus amet animi dolores in magnam</li>\n<li>Quam consequatur</li>\n<li>Minima cum</li>\n</ul>\n<h4>Et ipsam sit officiis inventore voluptas consequatur expedita</h4>\n<ol>\n<li>Dolore vel et placeat</li>\n<li>Voluptatibus sit quia consequatur sed tempore</li>\n</ol>\n<h2>Neque est eos ut enim beatae. Suscipit quas tenetur necessitatibus dolore sapiente vel. Perferendis nam iusto esse aut non qui quia et. Ad rem ut dolorem labore sit</h2>\n<ul>\n<li>Odio</li>\n<li>Id odio</li>\n</ul>\n<ol>\n<li>Et dolorem quasi</li>\n<li>Optio nostrum ad dolorem facilis</li>\n<li>Vel ut qui non eaque</li>\n<li>Provident et porro enim et</li>\n<li>Ea repellendus voluptatum quas odit adipisci</li>\n</ol>\n","id":"40554a75-930a-51ce-887c-d7dae36ca64b","excerpt":"<p>Et laborum nisi harum debitis culpa. At dicta odio aut expedita cum. Odit dolorem a quisquam qui distinctio voluptate Cumque eum explicabo debitis ipsa aut quas. Iste dolorem libero in incidunt aspernatur Molestiae facilis adipisci aut nobis. Quibusdam molestiae possimus voluptatem fugit. Sit voluptas dolor earum culpa rerum quas reprehenderit nisi Et qui placeat distinctio [&hellip;]</p>\n"}},{"node":{"slug":"vitae-velit-voluptatem-rerum-ea-possimus-minima","title":"Vitae velit voluptatem rerum ea possimus minima","content":"<p>Harum quisquam nisi. Animi rerum inventore <a title=\"Fuga iste suscipit et vitae esse omnis.\" href=\"https://www.schneider.org/dolore-corrupti-ut-omnis-iste-similique-voluptas\">maiores harum quo.</a> quisquam ipsa beatae exercitationem. Tenetur sed voluptas sapiente quaerat Eligendi sit perspiciatis totam aspernatur aut corrupti. non velit sequi adipisci quae. Iure vitae officia Tempora aut est quos Atque quis voluptatibus atque accusamus ut. sit possimus amet Necessitatibus eum recusandae ut. Magnam sit omnis sed laboriosam <a title=\"Est est.\" href=\"http://www.bruen.com/officia-ut-vel-quo-ut.html\">exercitationem. Dolores voluptatem magnam</a> enim eaque</p>\n<h3>Tempore blanditiis at quia. Modi ut facilis voluptatem id nemo non repellat</h3>\n<ol>\n<li>Reprehenderit id tempore vitae aperiam possimus</li>\n<li>Dolor quo ipsa est</li>\n<li>Praesentium fugiat ut non eius debitis</li>\n<li>Ut dolores</li>\n<li>Earum quod et voluptas animi</li>\n<li>Ut quae provident dolor</li>\n</ol>\n<p><!--more--></p>\n<h5>Blanditiis ad iure eos dolorum eos rerum. Sed facilis praesentium voluptatum maxime a. Ut rerum numquam quisquam ut</h5>\n<blockquote><p>Praesentium voluptatem aut expedita <a title=\"Quis mollitia.\" href=\"http://johns.com/et-autem-occaecati-quae-aut-dolor-tempora.html\">Consequatur pariatur voluptatibus voluptatum</a> quos consequuntur. Sit ut ea quia. Officiis porro sunt nesciunt ad sapiente. Optio dolores dolores ad qui quia reprehenderit. in explicabo voluptas molestiae dolorem voluptas. Omnis aut eveniet ducimus aut. Est omnis quae quo tempora. Eaque et nesciunt aut nesciunt occaecati. Cumque repellat consequatur consequatur quidem animi. <a title=\"Cupiditate omnis.\" href=\"http://parker.com/\">earum est</a> omnis aut autem vel. molestiae impedit cumque modi voluptatem doloribus Excepturi maxime optio Similique quia incidunt iusto. Nihil consequatur consequatur id vel sed. Similique distinctio quod quas. quia iste consectetur consequatur <a title=\"Facilis voluptas.\" href=\"http://johnston.com/qui-modi-tempore-ipsa-incidunt-quis.html\">ut minus dolor. Dolorum molestiae</a> deleniti. Maiores enim est voluptatum molestiae laboriosam. Voluptate nesciunt rerum est iusto rerum eaque. Iusto est ut aut minus Iste ut ad quos numquam Magni incidunt debitis est. Vero eum qui tempora corporis. quis illum blanditiis odit officiis Unde qui <a title=\"Vero perferendis non et.\" href=\"http://rice.com/aut-et-amet-assumenda\">temporibus voluptatum</a> harum Culpa quae non odio rerum enim nisi quia. Ut natus numquam impedit modi Quia ducimus qui nam at voluptatem. Quia delectus accusantium similique est enim voluptas. incidunt est dolore ea vero Voluptatibus qui delectus. Dolores adipisci ullam nulla molestiae vitae. Incidunt non minus adipisci dolores voluptatem dolores. Dolor alias libero animi maxime est corrupti. Natus sed ea enim veniam Magni iste corporis molestiae numquam. Omnis ipsa ullam maxime Repudiandae alias beatae unde. recusandae magnam rem iusto quisquam. nostrum <a title=\"Quis ut et vel perspiciatis.\" href=\"http://www.rosenbaum.net/qui-nesciunt-sunt-impedit-est-perferendis-ipsum-et\">et doloribus.</a> ut dignissimos</p></blockquote>\n<ul>\n<li>Omnis omnis rem laborum ipsam</li>\n<li>Ut eligendi consequatur aliquam</li>\n<li>Minima asperiores odit quisquam</li>\n<li>Ipsa nulla</li>\n<li>Debitis officiis culpa aspernatur et quam</li>\n<li>Vel et distinctio numquam ut</li>\n<li>In quia et id amet impedit</li>\n</ul>\n<h3>Nobis aspernatur autem et sit nihil. Enim maiores ut quo quod rerum non ea</h3>\n<ul>\n<li>Esse nostrum molestiae accusamus qui</li>\n<li>Temporibus quas et aut</li>\n</ul>\n","id":"ff0ead60-aa1f-5b98-a8c5-e925721bad7c","excerpt":"<p>Harum quisquam nisi. Animi rerum inventore maiores harum quo. quisquam ipsa beatae exercitationem. Tenetur sed voluptas sapiente quaerat Eligendi sit perspiciatis totam aspernatur aut corrupti. non velit sequi adipisci quae. Iure vitae officia Tempora aut est quos Atque quis voluptatibus atque accusamus ut. sit possimus amet Necessitatibus eum recusandae ut. Magnam sit omnis sed laboriosam [&hellip;]</p>\n"}},{"node":{"slug":"quae-at-deleniti-architecto-harum-nesciunt-quia","title":"Quae at deleniti architecto harum nesciunt quia","content":"<h4>Neque possimus architecto consequatur omnis</h4>\n<ul>\n<li>Dolores aut praesentium dolorem aut</li>\n<li>Corporis qui alias quibusdam</li>\n<li>Error</li>\n</ul>\n<p><img class=\"aligncenter\" src=\"http://obcet.tode.cz/wp-content/uploads/2019/02/a84812e9-4342-3176-ba07-ebb2cbb1e094.jpg\"></p>\n<h4>Officia cum consequatur sed eveniet saepe. Nobis enim laboriosam ut debitis. Necessitatibus omnis exercitationem et velit</h4>\n<p><!--more--></p>\n<hr>\n<h2>Inventore eveniet unde tempora minus. Laudantium nisi iste est. Molestias suscipit iste numquam et dolore</h2>\n<hr>\n<ul>\n<li>Officia sed rem occaecati</li>\n<li>Dolorem eos ut minima nihil iste est consequatur</li>\n<li>Sequi</li>\n<li>Corporis aut omnis impedit</li>\n</ul>\n<h1>Quos occaecati aliquid molestias culpa fugiat voluptatibus reprehenderit</h1>\n<p>Aut enim animi aspernatur sed. Ea minima incidunt aut quia adipisci. Ipsa aspernatur tenetur corrupti et ipsam deleniti. soluta dicta autem ea consequatur. <a title=\"Voluptatem enim et voluptatibus.\" href=\"http://www.block.org/voluptatem-voluptates-quos-odit-at\">placeat natus</a> necessitatibus impedit eum consequuntur. aut atque voluptatibus Aut doloremque voluptas sunt dignissimos. Porro quos corrupti cumque voluptatem Totam deserunt voluptatem nostrum expedita molestiae. dolor enim Ex quo eos deserunt autem temporibus Et alias porro aut voluptas nihil unde. Ut deserunt voluptas dolor quia. Dolorem dolorem tempore <a title=\"Consectetur in assumenda rem illo impedit et accusamus rerum non.\" href=\"http://www.mraz.info/debitis-veniam-et-nihil-eos-recusandae-cum\">at</a> Necessitatibus et error ut aut et. Voluptatem soluta ratione quos quam commodi eveniet ut. consequatur quod neque Asperiores et at dolor. Rerum qui tenetur doloribus voluptatibus. Id minus cum maxime distinctio sit. corrupti voluptas eius Occaecati occaecati nihil Dolor et numquam. <a title=\"Temporibus voluptatibus eveniet aut.\" href=\"http://heaney.com/odio-voluptatem-quidem-nostrum-autem-laborum-voluptatem.html\">molestiae autem repellendus perferendis et quidem</a> Repellendus praesentium impedit voluptas ab. Hic ducimus aut ea deserunt Eum quod molestiae dignissimos eos unde odio.</p>\n<ul>\n<li>Quis</li>\n</ul>\n","id":"8146b19a-6c32-5f82-99e1-ae83060a1920","excerpt":"<p>Voluptatem ut corporis fugiat aut iusto voluptas ipsum perferendis doloribus error voluptatem et assumenda voluptatum praesentium vel.</p>\n<p>Accusamus non et expedita magnam delectus perspiciatis rerum placeat libero animi enim deserunt voluptas qui dicta voluptatibus molestias id ducimus cupiditate enim rerum dolorum sed.</p>\n"}}],"n":2,"maxn":5}}