{"data":{"wordpressPage":{"slug":"zavody","title":"Závody","content":"\n<p>Tady jsou nejaký závody</p>\n\n\n\n<figure class=\"wp-block-image\"><img src=\"http://obcet.tode.cz/wp-content/uploads/2019/02/image.png\" alt=\"\" class=\"wp-image-75\" srcset=\"http://obcet.tode.cz/wp-content/uploads/2019/02/image.png 225w, http://obcet.tode.cz/wp-content/uploads/2019/02/image-150x150.png 150w\" sizes=\"(max-width: 225px) 100vw, 225px\" /></figure>\n","date":"2019-02-04T13:08:18.000Z","author":{"name":"Kovář Lukáš"}}},"pageContext":{"id":"09b6fc25-eab0-56fc-9570-37987c854310"}}