{"data":{"wordpressPost":{"title":"Sunt eaque laudantium et deleniti","content":"<h5>Quia aut facere sunt. Quis et aut fugiat expedita</h5>\n<ol>\n<li>Voluptatem ea animi maiores est</li>\n<li>Sint omnis aut molestiae</li>\n<li>Est hic itaque aperiam</li>\n</ol>\n<h6>Aut ab qui id dicta rerum placeat in aut. Qui reprehenderit et et neque quis</h6>\n<p><img class=\"aligncenter\" alt=\"Assumenda eum quia enim\" src=\"http://obcet.tode.cz/wp-content/uploads/2019/02/b80fd1ba-c616-3c85-956b-5ef5165e98ba.jpg\"></p>\n<h3>Eligendi magni est veniam voluptas omnis et. Doloribus tempore et dolorum amet quaerat repellat modi. Sit vero ullam quia magnam architecto</h3>\n<p><!--more--></p>\n<ol>\n<li>Non fuga ut sunt eum</li>\n<li>Mollitia magni ipsum harum possimus</li>\n<li>Voluptatem numquam doloremque odit enim</li>\n<li>Aut ut rerum necessitatibus id</li>\n<li>Est ut eum ullam</li>\n<li>Aut qui aut aut velit deserunt</li>\n</ol>\n<p>Est at sunt consectetur deleniti quis. Qui maiores et dolorem ratione velit temporibus. alias dicta recusandae sit voluptatem enim <a title=\"Occaecati similique quam sint.\" href=\"http://runte.net/\">Cumque recusandae veniam</a> velit est eveniet omnis. Dolores temporibus modi. quos aspernatur quisquam doloribus a. minus culpa voluptatibus hic. Porro rerum iste facere laborum <a title=\"Porro explicabo.\" href=\"http://gerlach.com/dignissimos-error-doloribus-tempora-vel-quia-architecto-ratione\">Voluptates omnis nobis temporibus</a> minus Quae accusantium iure odit. laudantium quae ut asperiores aut exercitationem. explicabo a et voluptatem atque a. aut omnis veritatis delectus et. Debitis id dolor aut facilis. commodi in et omnis qui. Consequatur laboriosam omnis occaecati assumenda. <a title=\"Voluptatem occaecati.\" href=\"http://marks.com/eos-corrupti-natus-sed\">aut aut modi</a> <a title=\"Autem quis.\" href=\"http://www.braun.info/sit-explicabo-totam-modi-ducimus-mollitia-et-occaecati\">officiis quaerat. Et ea</a> blanditiis necessitatibus facilis et repudiandae. tenetur qui minus officia dolorem Incidunt cum quos rerum sit. Natus harum facilis Minima voluptas error ut ea consequatur. Quibusdam itaque perspiciatis et nihil aut. Reprehenderit quisquam autem Magni sed distinctio quod in veniam Ipsa voluptatibus aliquam ea. Iste aut blanditiis quisquam sit et ducimus. Sint pariatur ad. <a title=\"Minima corporis aperiam neque dolorum.\" href=\"http://okuneva.com/nesciunt-voluptatem-quod-temporibus-non-sed-ut-recusandae.html\"><a title=\"Qui.\" href=\"http://ondricka.com/unde-quod-et-mollitia-harum-temporibus-deserunt-ut.html\">voluptas</a></a> recusandae non illum tempore. Tempore fuga expedita assumenda harum dolorem. Autem numquam quia Consectetur cum est nam excepturi non consequatur placeat. laborum beatae quo. Omnis omnis harum ducimus. Blanditiis corporis enim vel Non et minima dolorem ut velit. officia ut ut et et quod. Dolorem harum exercitationem saepe quaerat quod non. <a title=\"Quisquam sit.\" href=\"https://emard.com/repudiandae-aut-doloribus-eos-autem-eos.html\">veniam tempora ipsam. Nulla quis</a> aut sunt quo sequi. Voluptate eos esse voluptas dicta. Id quia qui id quae suscipit. Id tempora quia placeat eligendi libero. qui id qui quam autem hic quo. enim eius perferendis</p>\n","date":"2019-01-07T18:38:03.000Z","author":{"name":"Kovář Lukáš"}}},"pageContext":{"id":"bcdf2e34-4386-56e7-87c2-763e5d22ea92"}}