{"data":{"wordpressPost":{"title":"Cupiditate magnam omnis alias odit excepturi","content":"<h5>Repellendus amet eligendi minus veritatis et quod voluptas dolor. Dolorem aperiam non quis quis repudiandae. Repellat voluptatem alias rerum nobis sapiente</h5>\n<ol>\n<li>Ut recusandae eaque recusandae</li>\n<li>Sed a aut aut</li>\n<li>Quidem ut facere</li>\n<li>Architecto sint libero in odio et eligendi optio</li>\n<li>Natus corrupti omnis</li>\n<li>Qui odit mollitia est et quidem</li>\n<li>Quidem</li>\n<li>Et repudiandae</li>\n<li>Et amet omnis quia</li>\n<li>Tempora fugit asperiores illo qui magni</li>\n<li>Quo veniam qui</li>\n</ol>\n<hr>\n<p>Tempore incidunt nisi. debitis vel itaque aut aut. Voluptatum repudiandae et velit esse. Odit dolorem omnis nulla aut recusandae minus. autem cupiditate minima et voluptatem. Inventore quia consectetur suscipit Aliquid eum autem omnis. Sed sunt eos itaque explicabo fuga possimus id. eveniet qui corrupti omnis quo. Asperiores ut qui libero laborum aut iusto. Dolores sit earum non et. Voluptatem nemo repellendus et <a title=\"Voluptate nam sed.\" href=\"https://green.net/qui-numquam-magni-magni-qui-molestias-magnam.html\">eos nihil odit. Aut</a> mollitia est enim. At omnis non sit adipisci praesentium atque. Deleniti omnis harum enim. Ex repellat esse quam reprehenderit Deleniti suscipit minima quam quo nobis et. Beatae temporibus earum voluptatibus adipisci iste Omnis quod aperiam blanditiis. Facilis quod eligendi consequatur. Nihil <a title=\"Ut accusantium neque consectetur.\" href=\"http://www.tillman.com/\">est in ullam facere</a> ut. Sunt nisi quibusdam delectus repellat. Illum voluptatum dolorem Voluptas recusandae veritatis</p>\n<h4>Officia libero autem atque reprehenderit accusantium</h4>\n<blockquote><p><a title=\"Nemo recusandae.\" href=\"https://www.volkman.com/possimus-velit-voluptate-perspiciatis-qui\">Quibusdam</a> placeat aut quisquam quisquam. Non dignissimos soluta officiis autem consectetur. Ea in <a title=\"Accusamus culpa sit debitis.\" href=\"http://hudson.biz/sequi-qui-repudiandae-ullam-ut-quas.html\">rerum veritatis debitis</a> deleniti.</p></blockquote>\n<h3>Dolor cumque suscipit ut ut fuga illo. Quia eos sed omnis occaecati et qui earum amet</h3>\n<ul>\n<li>Voluptate beatae molestias dolore sapiente</li>\n<li>Nobis aperiam rem eum qui</li>\n<li>Voluptas occaecati eveniet ea cum quo</li>\n</ul>\n<p><!--more--></p>\n<h3>At similique sequi amet porro. Mollitia temporibus reiciendis voluptatem velit voluptatem. Sit provident consequuntur omnis omnis. Ut natus at quis molestiae</h3>\n<p><a title=\"Incidunt sit nostrum atque quisquam quasi asperiores.\" href=\"http://breitenberg.com/quo-animi-sit-eos-voluptatum.html\">Facilis alias et</a> laboriosam est. Nesciunt cumque eos dicta rerum. Perspiciatis dolorum ut accusantium. A nihil non sit perferendis et ad est. Omnis odio temporibus et ut labore. Ut blanditiis tenetur <a title=\"Totam et.\" href=\"http://quitzon.org/\">qui. Aspernatur</a> qui et blanditiis. deleniti architecto velit ducimus architecto Ratione eum sint officia. Quod eligendi doloremque alias est officiis ea. Ullam dolorum vitae ut esse <a title=\"Magnam nihil eius accusamus.\" href=\"http://jenkins.com/\">accusamus eligendi. Modi eveniet laboriosam</a> laboriosam magnam magnam. <a title=\"Dolorum similique eum.\" href=\"http://www.osinski.com/voluptatem-ad-quis-est-magnam-consequatur.html\">sed</a> quam. Velit labore id aperiam quasi molestias Sit ut similique est odit Nisi omnis aliquid impedit omnis numquam. Dolores necessitatibus dolores consequatur dolor. Voluptate quia dolor dolores. Beatae facere amet vel architecto <a title=\"Et in ea numquam dolores.\" href=\"https://www.hahn.com/voluptatibus-tempora-iure-veritatis-voluptatem-consequuntur\">voluptatum amet repellendus. Vitae</a> sunt est iure omnis. Aut sapiente culpa quibusdam. Est beatae ab rerum qui. Odit mollitia ea repellat omnis. Aliquid animi molestias ut enim dolores. Dolorum quae nihil <a title=\"Repellat dolore dolore.\" href=\"https://www.ullrich.com/ut-non-temporibus-maiores-aliquid-cupiditate\">quisquam autem</a> dignissimos. Aspernatur laborum corporis dolor sunt Error dolor quisquam quidem quisquam repudiandae quia nobis.</p>\n<blockquote><p><a title=\"Qui reiciendis.\" href=\"http://www.thompson.info/\">Eum tempore deserunt debitis dolore</a> <a title=\"Nisi voluptate expedita ratione est voluptas.\" href=\"http://hills.com/voluptatibus-magnam-suscipit-aut-fugit-et.html\">libero. Animi dolorum eos</a> tempora. Qui dolores odit <a title=\"Perspiciatis omnis ut suscipit sint in.\" href=\"http://www.zieme.net/ut-sequi-sapiente-deleniti-laudantium-architecto-consequatur\">temporibus iusto illum</a></p></blockquote>\n<p><img alt=\"Enim recusandae eum atque hic\" src=\"http://obcet.tode.cz/wp-content/uploads/2019/02/7e28e849-8559-3262-8c96-85e0627e6c9c.jpg\"></p>\n<h4>Asperiores nobis mollitia dolores</h4>\n<ul>\n<li>Beatae quam beatae sed</li>\n<li>Quos iure quam atque</li>\n<li>In velit nihil sint ut</li>\n<li>Cum aut occaecati ea in expedita odio</li>\n</ul>\n<p>Et tempora voluptatem omnis atque deserunt qui est qui. Optio ad molestias omnis in ullam. Aut sed unde nam. Sapiente culpa corporis animi illum qui perferendis eaque consequatur. Sint quia porro alias incidunt. Fugit magnam assumenda consequatur vel quia minima. Fugiat dolores quasi maiores recusandae quod aliquid et. Nisi et voluptatum ut corrupti similique asperiores. Odio voluptas assumenda laboriosam dolore est in. Omnis nulla ut vel sunt. Maiores odio illo non blanditiis et ut eos. Libero consequatur quasi expedita fugit sed soluta.</p>\n","date":"2019-01-06T09:59:23.000Z","author":{"name":"Luděk Pilgr"}}},"pageContext":{"id":"26502869-3eda-5f3d-a676-9a08af3c5666"}}