{"data":{"wordpressPage":{"slug":"seznam-clenu","title":"Seznam Členů","content":"\n<p>Klub</p>\n\n\n\n<table class=\"wp-block-table\"><thead><tr></tr></thead><tbody><tr><td><strong>Adresa:</strong></td><td>Popradská 1290‚ Ústí nad Orlicí 562 06</td></tr><tr><td><strong>E-mail:</strong></td><td>kamil.koblizek@seznam.cz</td></tr><tr><td><strong>Webové stránky:</strong></td><td>www.kobusti.cz</td></tr><tr><td><strong>Stránka klubu v ORISu:</strong></td><td><a href=\"http://oris.orientacnisporty.cz/Klub?id=KUO\">odkaz</a></td></tr><tr><td><strong>Předseda klubu:</strong></td><td>Kamil Koblížek</td></tr><tr><td><strong>Místopředseda klubu:</strong></td><td>Viktor Mutinský</td></tr></tbody></table>\n\n\n\n<table class=\"wp-block-table\"><thead><tr><th>No.</th><th>Jméno</th><th>Reg. kód</th></tr></thead><tbody><tr><td>1</td><td>Boková Ivana</td><td>KUO9951</td></tr><tr><td>2</td><td>Brožek Tomáš</td><td>KUO6902</td></tr><tr><td>3</td><td>Brožková Květa</td><td>KUO7451</td></tr><tr><td>4</td><td>Brožková Lucie</td><td>KUO0151</td></tr><tr><td>5</td><td>Brožková Tereza</td><td>KUO0451</td></tr><tr><td>6</td><td>Falta Radim</td><td>KUO7802</td></tr><tr><td>7</td><td>Hájek Jan</td><td>KUO8002</td></tr><tr><td>8</td><td>Hejkrlík Dan</td><td>KUO0601</td></tr><tr><td>9</td><td>Holubář David</td><td>KUO7101</td></tr><tr><td>10</td><td>Holubářová Viktorie</td><td>KUO0599</td></tr><tr><td>11</td><td>Koblížek Kamil</td><td>KUO8001</td></tr><tr><td>12</td><td>Koblížek Miroslav</td><td>KUO9201</td></tr><tr><td>13</td><td>Koditek Jonáš</td><td>KUO0101</td></tr><tr><td>14</td><td>Kovařík Ondřej</td><td>KUO0303</td></tr><tr><td>15</td><td>Kroutil Jan</td><td>KUO0202</td></tr><tr><td>16</td><td>Kubíčková Iva</td><td>KUO0153</td></tr><tr><td>17</td><td>Lauterbach David</td><td>KUO9802</td></tr><tr><td>18</td><td>Marková Michaela</td><td>KUO8551</td></tr><tr><td>19</td><td>Musil Marek</td><td>KUO7301</td></tr><tr><td>20</td><td>Musilová Elena</td><td>KUO0399</td></tr><tr><td>21</td><td>Musilová Johana</td><td>KUO0899</td></tr><tr><td>22</td><td>Mutinská Zdeňka</td><td>KUO6499</td></tr><tr><td>23</td><td>Mutinský Viktor</td><td>KUO6501</td></tr><tr><td>24</td><td>Nováková Markéta</td><td>KUO0099</td></tr><tr><td>25</td><td>Paukert Lukáš</td><td>KUO9801</td></tr><tr><td>26</td><td>Pávek Ondřej</td><td>KUO0301</td></tr><tr><td>27</td><td>Pokorná Anežka</td><td>KUO9099</td></tr><tr><td>28</td><td>Pondělíčková Michaela</td><td>KUO9451</td></tr><tr><td>29</td><td>Potočková Hana</td><td>KUO9051</td></tr><tr><td>30</td><td>Preclíková Iva</td><td>KUO7699</td></tr><tr><td>31</td><td>Procházka Lukáš</td><td>KUO9604</td></tr><tr><td>32</td><td>Procházka Pavel</td><td>KUO6901</td></tr><tr><td>33</td><td>Ráček Jan</td><td>KUO0302</td></tr><tr><td>34</td><td>Skalický Johan</td><td>KUO9901</td></tr><tr><td>35</td><td>Skalický Matyáš</td><td>KUO9605</td></tr><tr><td>36</td><td>Šlesingerová Jitka</td><td>KUO7851</td></tr><tr><td>37</td><td>Šlesingerová Nela</td><td>KUO0951</td></tr><tr><td>38</td><td>Šlesingerová Sára</td><td>KUO0551</td></tr><tr><td>39</td><td>Štancl Daniel</td><td>KUO9501</td></tr><tr><td>40</td><td>Štancl Jiří</td><td>KUO6301</td></tr><tr><td>41</td><td>Štěpánek Milan</td><td>KUO8301</td></tr><tr><td>42</td><td>Urban Michal</td><td>KUO0001</td></tr><tr><td>43</td><td>Vaňousová Martina</td><td>KUO9799</td></tr><tr><td>44</td><td>Zapletal Tomáš</td><td>KUO0701</td></tr></tbody></table>\n\n\n\n<p>KOB Ústí nad Orlicí je občanské sdružení, které bylo zaregistrováno 25. 9. 2012 na Ministerstvu vnitra, bylo mu přiděleno IČO 22711015.</p>\n\n\n\n<p>Z usnesení Krajského soudu v Hradci Králové (pobočka v Pardubicích) ze dne 1. srpna 2014 byl proveden tento zápis změny do spolkového rejstříku: nově se zapisuje název Klub orientačního běhu Ústí nad Orlicí, z.s. se sídlem Popradská 1290, 562 06 Ústí nad Orlicí.</p>\n\n\n\n<p>Na ČSOS byl klub zaregistrován 17. 10. 2012, byla mu přidělena zkratka KUO a číslo 0632.</p>\n\n\n\n<p>Poslední valnou hromadou ze dne 7. 12. 2018 byla zvolena nová Rada klubu a Revizní komise.</p>\n\n\n\n<p><em>Rada klubu pracuje ve složení:</em><br>Kamil Koblížek&nbsp;– předseda<br>Viktor Mutinský&nbsp;– místopředseda<br>Tomáš Brožek<br>Květa Brožková<br>Pavel Procházka</p>\n","date":"2019-02-04T13:07:19.000Z","author":{"name":"Kovář Lukáš"}}},"pageContext":{"id":"37574f17-3b19-5b83-ad87-c457633d463f"}}