{"data":{"wordpressPost":{"title":"Incidunt architecto consequatur deleniti nihil expedita quod","content":"<h3>Eum ipsum et perferendis optio laborum. Ratione accusamus molestias impedit sunt ipsam sed blanditiis eum. Consequatur quo repellendus voluptatum et</h3>\n<p><img alt=\"Aut sint aliquam\" src=\"http://obcet.tode.cz/wp-content/uploads/2019/02/a772fb26-8983-3a31-a9ac-0c1616b85375.jpg\"></p>\n","date":"2018-03-30T12:13:52.000Z","author":{"name":"Kovář Lukáš"}}},"pageContext":{"id":"084bc1dd-e203-5a7e-946f-7f44b22d5362"}}