{"pageContext":{"str":[{"node":{"slug":"incidunt-architecto-consequatur-deleniti-nihil-expedita-quod","title":"Incidunt architecto consequatur deleniti nihil expedita quod","content":"<h3>Eum ipsum et perferendis optio laborum. Ratione accusamus molestias impedit sunt ipsam sed blanditiis eum. Consequatur quo repellendus voluptatum et</h3>\n<p><img alt=\"Aut sint aliquam\" src=\"http://obcet.tode.cz/wp-content/uploads/2019/02/a772fb26-8983-3a31-a9ac-0c1616b85375.jpg\"></p>\n","id":"084bc1dd-e203-5a7e-946f-7f44b22d5362"}}],"n":1,"maxn":2}}