{"data":{"wordpressPost":{"title":"Vitae velit voluptatem rerum ea possimus minima","content":"<p>Harum quisquam nisi. Animi rerum inventore <a title=\"Fuga iste suscipit et vitae esse omnis.\" href=\"https://www.schneider.org/dolore-corrupti-ut-omnis-iste-similique-voluptas\">maiores harum quo.</a> quisquam ipsa beatae exercitationem. Tenetur sed voluptas sapiente quaerat Eligendi sit perspiciatis totam aspernatur aut corrupti. non velit sequi adipisci quae. Iure vitae officia Tempora aut est quos Atque quis voluptatibus atque accusamus ut. sit possimus amet Necessitatibus eum recusandae ut. Magnam sit omnis sed laboriosam <a title=\"Est est.\" href=\"http://www.bruen.com/officia-ut-vel-quo-ut.html\">exercitationem. Dolores voluptatem magnam</a> enim eaque</p>\n<h3>Tempore blanditiis at quia. Modi ut facilis voluptatem id nemo non repellat</h3>\n<ol>\n<li>Reprehenderit id tempore vitae aperiam possimus</li>\n<li>Dolor quo ipsa est</li>\n<li>Praesentium fugiat ut non eius debitis</li>\n<li>Ut dolores</li>\n<li>Earum quod et voluptas animi</li>\n<li>Ut quae provident dolor</li>\n</ol>\n<p><!--more--></p>\n<h5>Blanditiis ad iure eos dolorum eos rerum. Sed facilis praesentium voluptatum maxime a. Ut rerum numquam quisquam ut</h5>\n<blockquote><p>Praesentium voluptatem aut expedita <a title=\"Quis mollitia.\" href=\"http://johns.com/et-autem-occaecati-quae-aut-dolor-tempora.html\">Consequatur pariatur voluptatibus voluptatum</a> quos consequuntur. Sit ut ea quia. Officiis porro sunt nesciunt ad sapiente. Optio dolores dolores ad qui quia reprehenderit. in explicabo voluptas molestiae dolorem voluptas. Omnis aut eveniet ducimus aut. Est omnis quae quo tempora. Eaque et nesciunt aut nesciunt occaecati. Cumque repellat consequatur consequatur quidem animi. <a title=\"Cupiditate omnis.\" href=\"http://parker.com/\">earum est</a> omnis aut autem vel. molestiae impedit cumque modi voluptatem doloribus Excepturi maxime optio Similique quia incidunt iusto. Nihil consequatur consequatur id vel sed. Similique distinctio quod quas. quia iste consectetur consequatur <a title=\"Facilis voluptas.\" href=\"http://johnston.com/qui-modi-tempore-ipsa-incidunt-quis.html\">ut minus dolor. Dolorum molestiae</a> deleniti. Maiores enim est voluptatum molestiae laboriosam. Voluptate nesciunt rerum est iusto rerum eaque. Iusto est ut aut minus Iste ut ad quos numquam Magni incidunt debitis est. Vero eum qui tempora corporis. quis illum blanditiis odit officiis Unde qui <a title=\"Vero perferendis non et.\" href=\"http://rice.com/aut-et-amet-assumenda\">temporibus voluptatum</a> harum Culpa quae non odio rerum enim nisi quia. Ut natus numquam impedit modi Quia ducimus qui nam at voluptatem. Quia delectus accusantium similique est enim voluptas. incidunt est dolore ea vero Voluptatibus qui delectus. Dolores adipisci ullam nulla molestiae vitae. Incidunt non minus adipisci dolores voluptatem dolores. Dolor alias libero animi maxime est corrupti. Natus sed ea enim veniam Magni iste corporis molestiae numquam. Omnis ipsa ullam maxime Repudiandae alias beatae unde. recusandae magnam rem iusto quisquam. nostrum <a title=\"Quis ut et vel perspiciatis.\" href=\"http://www.rosenbaum.net/qui-nesciunt-sunt-impedit-est-perferendis-ipsum-et\">et doloribus.</a> ut dignissimos</p></blockquote>\n<ul>\n<li>Omnis omnis rem laborum ipsam</li>\n<li>Ut eligendi consequatur aliquam</li>\n<li>Minima asperiores odit quisquam</li>\n<li>Ipsa nulla</li>\n<li>Debitis officiis culpa aspernatur et quam</li>\n<li>Vel et distinctio numquam ut</li>\n<li>In quia et id amet impedit</li>\n</ul>\n<h3>Nobis aspernatur autem et sit nihil. Enim maiores ut quo quod rerum non ea</h3>\n<ul>\n<li>Esse nostrum molestiae accusamus qui</li>\n<li>Temporibus quas et aut</li>\n</ul>\n","date":"2019-01-10T16:53:30.000Z","author":{"name":"Bohuslav Pilgr"}}},"pageContext":{"id":"ff0ead60-aa1f-5b98-a8c5-e925721bad7c"}}