{"data":{"wordpressPost":{"title":"Ut commodi quos deleniti","content":"<h6>Veniam error quam cum magnam dolores ex. Quisquam nihil repellat dicta voluptatem consequatur voluptatem. Rerum ab commodi sapiente dolor repellendus consectetur</h6>\n<hr>\n<h4>Dolorem sunt deleniti culpa dolores vel sint voluptatem vel. Repellat amet hic nemo autem non omnis sed. Eius aut qui est</h4>\n<p><!--more--><br />\n<img class=\"aligncenter\" alt=\"Dignissimos labore\" src=\"http://obcet.tode.cz/wp-content/uploads/2019/02/532974b1-c0de-3825-9c32-52959e44d5a8.jpg\"></p>\n<hr>\n<h2>Et voluptatibus doloremque nihil voluptate sint magni mollitia</h2>\n<p><img class=\"alignleft\" alt=\"Tempore rerum itaque atque tenetur vero occaecati eum quia incidunt\" src=\"http://obcet.tode.cz/wp-content/uploads/2019/02/90a255db-f182-3be2-b1b6-dcc0ec96363e.jpg\"></p>\n<h3>Quam ut necessitatibus pariatur est ipsam enim corrupti. Qui dolore quia labore qui. Qui maiores reprehenderit quae et aut. Repudiandae ut natus cupiditate sint</h3>\n<p><img src=\"http://obcet.tode.cz/wp-content/uploads/2019/02/7e28e849-8559-3262-8c96-85e0627e6c9c.jpg\"></p>\n","date":"2019-01-08T12:17:29.000Z","author":{"name":"Kovář Lukáš"}}},"pageContext":{"id":"7f56e0f4-d3fe-5ffd-8186-40624df1174f"}}