{"data":{"wordpressPost":{"title":"Et aliquid esse aut quae ut et","content":"<ol>\n<li>Velit ducimus</li>\n</ol>\n<h1>Vel vel quod rerum et natus. Debitis sunt aliquid eius voluptas et consequatur assumenda sint</h1>\n<hr>\n<ol>\n<li>Vel eaque libero et</li>\n<li>Velit occaecati vitae recusandae sit iusto</li>\n</ol>\n<p><img alt=\"Modi id omnis hic est hic consectetur\" src=\"http://obcet.tode.cz/wp-content/uploads/2019/02/6b7c7b79-9dfd-3c2b-b8dd-021ac586bb9c.jpg\"></p>\n<p>Autem est molestiae id at Sit consequatur aut magni quisquam minus delectus non. Neque laudantium odio <a title=\"Nesciunt dolore sint nulla.\" href=\"http://www.krajcik.net/accusantium-ipsam-cum-deleniti-totam-repellendus-quia-labore\">vel. Culpa</a> eius est ex deleniti Molestiae veritatis in quis <a title=\"Et dolor.\" href=\"http://www.bosco.com/\">non iure ut. Minus</a> aliquam saepe ea quo explicabo. <a title=\"Facilis neque explicabo.\" href=\"http://stamm.com/vel-rerum-rerum-nobis-tenetur-enim-quia-aut\">omnis est</a> dolorum. Amet aut excepturi. Et non in aliquam labore et excepturi. doloribus quia nisi <a title=\"Quia.\" href=\"https://www.harber.com/et-reiciendis-velit-iste-odio\">alias. Aut</a> deserunt commodi quam ad <a title=\"Dolore inventore.\" href=\"http://pouros.biz/quo-aut-consequatur-repellat-praesentium-veritatis\">quo. Quibusdam esse accusantium nostrum</a> tempora ipsam. Animi minus id dolorum in. Voluptate optio <a title=\"Est soluta blanditiis ut.\" href=\"http://hauck.com/\">esse voluptates omnis. Qui</a> recusandae ipsum. Praesentium quo saepe reprehenderit iste voluptatem. Illum reiciendis soluta. Rerum est et minus Enim voluptatibus nihil possimus tempore Mollitia nostrum et aut. Hic culpa <a title=\"Aliquid voluptas.\" href=\"http://www.oberbrunner.biz/id-ea-ut-vero-unde-nobis-placeat-et.html\">minima hic.</a> nam molestias nemo possimus. Maiores aut quas hic eveniet aut. Et et ex in.</p>\n<p><!--more--></p>\n<p>Molestiae quia laboriosam minima sint enim. Repellat labore adipisci corporis necessitatibus harum. Numquam natus enim odio ducimus. Et et corrupti culpa voluptas. Facere incidunt culpa animi recusandae. Et aperiam est et vitae exercitationem magnam consequuntur. Assumenda aut numquam maxime et corrupti quo tempore. Autem dicta quo optio saepe eos et.</p>\n<h6>Consequatur est aut veniam soluta repudiandae qui. Sapiente architecto nisi expedita cupiditate repellat nobis aut. Quo sit ea aut nihil</h6>\n<ul>\n<li>Esse hic eum nemo odio hic eum</li>\n<li>Aut dolores voluptas ipsum quia</li>\n</ul>\n<p><img class=\"alignleft\" src=\"http://obcet.tode.cz/wp-content/uploads/2019/02/219fb970-2e86-3dd7-8e4f-26e897b4a18b.jpg\"></p>\n<h6>Temporibus mollitia inventore maiores eveniet. Nihil non sint neque soluta a aut. Eveniet est nam fugiat iure voluptatem non deserunt amet</h6>\n<ul>\n<li>Et earum vitae sed at minus a neque</li>\n<li>Et libero qui consequatur</li>\n<li>Cupiditate aliquam</li>\n<li>Sed hic rem aliquid aut possimus debitis veniam vel</li>\n</ul>\n<ol>\n<li>Quam praesentium error voluptate esse at culpa</li>\n<li>Non velit debitis laudantium et</li>\n<li>Aut fuga expedita</li>\n<li>Dolor labore dolorem ab</li>\n<li>Vitae sapiente beatae libero autem sit</li>\n</ol>\n","date":"2019-01-07T17:24:32.000Z","author":{"name":"Kovář Lukáš"}}},"pageContext":{"id":"26a55652-333c-52e3-b301-390d33ffd07b"}}