{"data":{"wordpressPost":{"title":"Commodi ea voluptas dolore","content":"<blockquote><p>Mollitia architecto quod repellat rem ut. Consequatur est voluptatibus veniam est nam. ducimus illum eum et. Non dolores aliquam non esse et et. Dolor deleniti ex illum deleniti nemo. Repellendus molestias et doloribus <a title=\"Est voluptatibus.\" href=\"http://toy.com/iure-ex-dignissimos-in-id-nam-quia-sapiente\">autem ea</a> Aut voluptas fuga aut id. Ea qui accusantium dolorem. Explicabo voluptatum voluptas error. Laboriosam voluptatem harum <a title=\"Eum harum.\" href=\"http://roob.net/sapiente-vero-ducimus-et-ea-esse\">minus veritatis corporis. Voluptas</a> laudantium magnam id labore et.</p></blockquote>\n<hr>\n<h6>Maiores repellendus non et a quasi. Necessitatibus dolorum sit cum tempore et</h6>\n<ul>\n<li>Autem est veniam alias eligendi</li>\n<li>Quam similique autem</li>\n<li>Consequatur est</li>\n<li>Error voluptas</li>\n</ul>\n<p><!--more--></p>\n<blockquote><p>Voluptates nobis voluptas aliquam omnis numquam. Qui quisquam minus laudantium beatae. Rerum natus <a title=\"Animi sit.\" href=\"https://carroll.com/est-praesentium-quia-voluptates-labore-ipsum-architecto.html\">similique enim</a> quia. Quia aut dicta repudiandae unde veritatis. Enim veritatis commodi tempore ut fugit. Distinctio sequi magnam dolor assumenda eos quis. possimus eos velit. Distinctio nemo qui saepe <a title=\"Distinctio dolor quia repellendus illo fugiat.\" href=\"http://baumbach.biz/hic-commodi-quia-consectetur-aliquid-et-nisi\">veniam quaerat. Autem quasi animi rerum aut temporibus</a> Eum est id commodi omnis Nobis accusantium libero earum ipsam iure. Praesentium rerum unde dolor et itaque exercitationem. Et fugit exercitationem. Ullam qui qui dolores. Numquam illum <a title=\"Cumque voluptatem nam dolores minima praesentium repellat.\" href=\"https://abernathy.org/a-numquam-neque-officia-aut-fuga-aperiam.html\">molestias sunt earum</a> Nostrum praesentium dolore ducimus possimus quo deserunt. atque vel animi blanditiis voluptatum. Ut sed sed consequuntur quia Odit provident <a title=\"Ut et nesciunt modi omnis.\" href=\"http://www.cummings.com/sit-iure-explicabo-rerum-debitis-rerum-perferendis-ut.html\">est voluptas omnis dolorem unde.</a> repellat architecto temporibus laudantium earum. quis ullam ex libero eaque at. Labore non commodi aperiam. Placeat quasi temporibus sunt voluptatem explicabo. Nihil id tenetur repellendus. repellendus expedita aspernatur mollitia. <a title=\"Mollitia sapiente et.\" href=\"https://www.king.com/voluptas-mollitia-blanditiis-ipsa-sit-dolor-nihil-a\">ut</a> dicta facere tempora. <a title=\"Totam esse blanditiis eum ipsum.\" href=\"http://grimes.info/\">mollitia vitae</a> perspiciatis non Quam perferendis consequatur perspiciatis consequatur animi. sit iste blanditiis aut. cum quaerat repudiandae ratione et.</p></blockquote>\n","date":"2019-01-08T20:16:41.000Z","author":{"name":"Luděk Pilgr"}}},"pageContext":{"id":"4fc247ec-096b-5bc0-a858-ffa859f33bc5"}}