{"data":{"allWordpressPost":{"edges":[{"node":{"slug":"vitej-ja-jsem-luda","title":"vitej ja jsem luda","content":"\n<p> <br>bla bla bal  <br>bla bla bal  <br>bla bla bal  <br>bla bla bal  <br>bla bla bal  <br>bla bla bal  <br>bla bla bal  <br>bla bla bal  <br>bla bla bal  <br>bla bla bal  <br>bla bla bal  <br>bla bla bal  <br>bla bla bal  <br>bla bla bal  <br>bla bla bal  <br>bla bla bal  <br>bla bla bal  <br>bla bla bal  <br>bla bla bal  <br>bla bla bal  <br>bla bla bal  <br>bla bla bal  <br>bla bla bal  <br>bla bla bal  <br>bla bla bal  <br>bla bla bal  <br>bla bla bal  <br>bla bla bal  <br>bla bla bal  <br>bla bla bal  <br>bla bla bal  <br>bla bla bal  <br>bla bla bal  <br>bla bla bal  <br>bla bla bal  <br>bla bla bal  <br>bla bla bal  <br>bla bla bal  <br>bla bla bal </p>\n\n\n\n<p><div><strong><a href=\"http://seznam.cz\">XDD</a></strong></div></p>\n","id":"7bdbc3af-5782-5589-9bb9-778ac80482df"}},{"node":{"slug":"nahledovka","title":"Nahledovka??","content":"\n<figure class=\"wp-block-image\"><img src=\"https://res.cloudinary.com/orientacni-beh-ceska-trebova/image/upload/v1549402665/image_szqmmu.png\" alt=\"\" class=\"wp-image-75\"/></figure>\n\n\n\n<p>Tenhle prispevek by mel mit nahledovku</p>\n","id":"c80c112a-50b5-52bc-9ba6-380b4c3a32eb"}},{"node":{"slug":"pojedeme-na-pekne-prazdniny","title":"Pojedeme na Pěkné prázdniny","content":"\n<p>25. ročník Pěkných prázdnin s OB v Českém ráji je minulostí. Věříme, že se Vám u nás líbilo, užili jste si náročné, ale nádherné skalnaté terény a odnesli spousty zážitků. Vítězství v hlavních kategoriích si letos odnášejí možná trochu překvapivě, ale naprosto zaslouženě pardubická Zuzana Hermanová a německý reprezentant běhající za pořádající oddíl Moritz Döllgast. Gratulujeme ale nejen vítězům, ale i všem, kteří dokončili všechny tři etapy letošních PP.</p>\n\n\n\n<p>Příští ročník PP se uskuteční v tradičním termínu 26. &#8211; 27.8.2017 v oblasti Skaláčku a Hruboskalska. Budeme rádi, pokud se opět zúčastníte!</p>\n\n\n\n<p>A pro připomenutí skvělých zážitků z ročníku letošního přidáváme k nahlédnutí krátké video z průběhu první a druhé etapy letošních PP.</p>\n","id":"9a840faf-12ad-5413-ba11-192429e320ee"}}]}}}